--
-- Creación de Bloques
--

INSERT INTO sge_bloque (bloque, nombre, descripcion, orden) VALUES (428, 'DATOS PERSONALES', NULL, 1);
INSERT INTO sge_bloque (bloque, nombre, descripcion, orden) VALUES (429, 'VISA', NULL, 2);
INSERT INTO sge_bloque (bloque, nombre, descripcion, orden) VALUES (430, 'NIVELES DE EDUCACIÓN', NULL, 3);
INSERT INTO sge_bloque (bloque, nombre, descripcion, orden) VALUES (431, '[]', NULL, 4);
INSERT INTO sge_bloque (bloque, nombre, descripcion, orden) VALUES (432, 'SITUACIÓN FAMILIAR', NULL, 5);
INSERT INTO sge_bloque (bloque, nombre, descripcion, orden) VALUES (433, 'SITUACIÓN DE LOS PADRES', NULL, 6);
INSERT INTO sge_bloque (bloque, nombre, descripcion, orden) VALUES (434, 'DOMICILIO DURANTE EL PERÍODO DE CLASES', NULL, 7);
INSERT INTO sge_bloque (bloque, nombre, descripcion, orden) VALUES (435, 'DOMICILIO REAL (DONDE VIVE FUERA DEL PERÍODO DE CLASES)', NULL, 8);
INSERT INTO sge_bloque (bloque, nombre, descripcion, orden) VALUES (436, 'DATOS DE UNA PERSONA DE CONTACTO', NULL, 9);
INSERT INTO sge_bloque (bloque, nombre, descripcion, orden) VALUES (437, 'PREINSCRIPCIÓN A LA UNIVERSIDAD', NULL, 10);
INSERT INTO sge_bloque (bloque, nombre, descripcion, orden) VALUES (438, 'FINANCIAMIENTO DE LOS ESTUDIOS UNIVERSITARIOS', NULL, 11);
INSERT INTO sge_bloque (bloque, nombre, descripcion, orden) VALUES (439, 'SITUACIÓN LABORAL', NULL, 12);
INSERT INTO sge_bloque (bloque, nombre, descripcion, orden) VALUES (440, 'SALUD', NULL, 15);
INSERT INTO sge_bloque (bloque, nombre, descripcion, orden) VALUES (441, '[]', NULL, 16);
INSERT INTO sge_bloque (bloque, nombre, descripcion, orden) VALUES (442, 'OTRAS ACTIVIDADES QUE REALIZA', NULL, 17);
INSERT INTO sge_bloque (bloque, nombre, descripcion, orden) VALUES (443, 'CONOCMIENTOS DE IDIOMAS', NULL, 18);

--
-- Creación de Encuestas y sus Atributos
--

INSERT INTO sge_encuesta_atributo (encuesta, nombre, descripcion, texto_preliminar, implementada, estado, unidad_gestion)
VALUES      (12, 'Formulario de Preinscripción', 'Nueva versión de encuesta que incluye los cambios propuestos para el relevamiento de datos de Discapacidad, e incorpora el dato de Identidad de Género', '<p>
	Estimado aspirante:<br />
	La encuesta que presentamos, y que agradecemos completes en su totalidad, tiene como objetivo principal relevar datos que contribuyan a que la Universidad que elegiste para continuar tus estudios superiores defina y organice acciones para acompañar tu ingreso y permanencia.</p>', 'N', 'A', '0');

--
-- Creación de Preguntas
--

INSERT INTO sge_pregunta (pregunta, nombre, componente_numero, tabla_asociada, tabla_asociada_codigo, tabla_asociada_descripcion, tabla_asociada_orden_campo, tabla_asociada_orden_tipo, unidad_gestion, descripcion_resumida, ayuda, oculta) VALUES (500, 'Apellido/s:', 1, '', NULL, NULL, NULL, NULL, '0', 'Apellido/s:', NULL, 'N');
INSERT INTO sge_pregunta (pregunta, nombre, componente_numero, tabla_asociada, tabla_asociada_codigo, tabla_asociada_descripcion, tabla_asociada_orden_campo, tabla_asociada_orden_tipo, unidad_gestion, descripcion_resumida, ayuda, oculta) VALUES (501, 'Nombre/s:', 1, '', NULL, NULL, NULL, NULL, '0', 'Nombre/s:', NULL, 'N');
INSERT INTO sge_pregunta (pregunta, nombre, componente_numero, tabla_asociada, tabla_asociada_codigo, tabla_asociada_descripcion, tabla_asociada_orden_campo, tabla_asociada_orden_tipo, unidad_gestion, descripcion_resumida, ayuda, oculta) VALUES (502, 'Sexo (indicado en el documento de identidad):', 3, '', NULL, NULL, NULL, NULL, '0', 'Sexo (indicado en el documento', NULL, 'N');
INSERT INTO sge_pregunta (pregunta, nombre, componente_numero, tabla_asociada, tabla_asociada_codigo, tabla_asociada_descripcion, tabla_asociada_orden_campo, tabla_asociada_orden_tipo, unidad_gestion, descripcion_resumida, ayuda, oculta) VALUES (503, 'Fecha de nacimiento:', 16, '', NULL, NULL, NULL, NULL, '0', 'Fecha de nacimiento:', NULL, 'N');
INSERT INTO sge_pregunta (pregunta, nombre, componente_numero, tabla_asociada, tabla_asociada_codigo, tabla_asociada_descripcion, tabla_asociada_orden_campo, tabla_asociada_orden_tipo, unidad_gestion, descripcion_resumida, ayuda, oculta) VALUES (504, 'Edad:', 11, '', NULL, NULL, NULL, NULL, '0', 'Edad:', NULL, 'S');
INSERT INTO sge_pregunta (pregunta, nombre, componente_numero, tabla_asociada, tabla_asociada_codigo, tabla_asociada_descripcion, tabla_asociada_orden_campo, tabla_asociada_orden_tipo, unidad_gestion, descripcion_resumida, ayuda, oculta) VALUES (505, 'Localidad de nacimiento:', 18, '', NULL, NULL, NULL, NULL, '0', 'Localidad de nacimiento:', NULL, 'N');
INSERT INTO sge_pregunta (pregunta, nombre, componente_numero, tabla_asociada, tabla_asociada_codigo, tabla_asociada_descripcion, tabla_asociada_orden_campo, tabla_asociada_orden_tipo, unidad_gestion, descripcion_resumida, ayuda, oculta) VALUES (506, 'Código Postal:', 19, 'mug_cod_postales', 'id', 'codigo_postal', 'codigo', 'ASC', '0', 'Código Postal:', NULL, 'S');
INSERT INTO sge_pregunta (pregunta, nombre, componente_numero, tabla_asociada, tabla_asociada_codigo, tabla_asociada_descripcion, tabla_asociada_orden_campo, tabla_asociada_orden_tipo, unidad_gestion, descripcion_resumida, ayuda, oculta) VALUES (507, 'Tipo de documento:', 3, '', NULL, NULL, NULL, NULL, '0', 'Tipo de documento:', NULL, 'N');
INSERT INTO sge_pregunta (pregunta, nombre, componente_numero, tabla_asociada, tabla_asociada_codigo, tabla_asociada_descripcion, tabla_asociada_orden_campo, tabla_asociada_orden_tipo, unidad_gestion, descripcion_resumida, ayuda, oculta) VALUES (508, 'Número de documento:', 11, '', NULL, NULL, NULL, NULL, '0', 'Número de documento:', NULL, 'N');
INSERT INTO sge_pregunta (pregunta, nombre, componente_numero, tabla_asociada, tabla_asociada_codigo, tabla_asociada_descripcion, tabla_asociada_orden_campo, tabla_asociada_orden_tipo, unidad_gestion, descripcion_resumida, ayuda, oculta) VALUES (509, 'País emisor del documento:', 17, 'mug_paises', 'pais', 'nombre', 'descripcion', 'ASC ', '0', 'País emisor del documento:', NULL, 'N');
INSERT INTO sge_pregunta (pregunta, nombre, componente_numero, tabla_asociada, tabla_asociada_codigo, tabla_asociada_descripcion, tabla_asociada_orden_campo, tabla_asociada_orden_tipo, unidad_gestion, descripcion_resumida, ayuda, oculta) VALUES (510, 'Número de CUIL:', 1, '', NULL, NULL, NULL, NULL, '0', 'Número de CUIL:', NULL, 'N');
INSERT INTO sge_pregunta (pregunta, nombre, componente_numero, tabla_asociada, tabla_asociada_codigo, tabla_asociada_descripcion, tabla_asociada_orden_campo, tabla_asociada_orden_tipo, unidad_gestion, descripcion_resumida, ayuda, oculta) VALUES (511, 'E-mail:', 15, '', NULL, NULL, NULL, NULL, '0', 'E-mail:', NULL, 'N');
INSERT INTO sge_pregunta (pregunta, nombre, componente_numero, tabla_asociada, tabla_asociada_codigo, tabla_asociada_descripcion, tabla_asociada_orden_campo, tabla_asociada_orden_tipo, unidad_gestion, descripcion_resumida, ayuda, oculta) VALUES (512, 'Nacionalidad:', 3, '', NULL, NULL, NULL, NULL, '0', 'Nacionalidad:', NULL, 'N');
INSERT INTO sge_pregunta (pregunta, nombre, componente_numero, tabla_asociada, tabla_asociada_codigo, tabla_asociada_descripcion, tabla_asociada_orden_campo, tabla_asociada_orden_tipo, unidad_gestion, descripcion_resumida, ayuda, oculta) VALUES (513, 'País de origen:', 17, 'mug_paises', 'pais', 'nombre', 'descripcion', 'ASC ', '0', 'País de origen:', NULL, 'N');
INSERT INTO sge_pregunta (pregunta, nombre, componente_numero, tabla_asociada, tabla_asociada_codigo, tabla_asociada_descripcion, tabla_asociada_orden_campo, tabla_asociada_orden_tipo, unidad_gestion, descripcion_resumida, ayuda, oculta) VALUES (514, 'Tipo de visa:', 3, '', NULL, NULL, NULL, NULL, '0', 'Tipo de visa:', NULL, 'N');
INSERT INTO sge_pregunta (pregunta, nombre, componente_numero, tabla_asociada, tabla_asociada_codigo, tabla_asociada_descripcion, tabla_asociada_orden_campo, tabla_asociada_orden_tipo, unidad_gestion, descripcion_resumida, ayuda, oculta) VALUES (515, 'Fecha de otorgamiento:', 10, '', NULL, NULL, NULL, NULL, '0', 'Fecha de otorgamiento:', NULL, 'N');
INSERT INTO sge_pregunta (pregunta, nombre, componente_numero, tabla_asociada, tabla_asociada_codigo, tabla_asociada_descripcion, tabla_asociada_orden_campo, tabla_asociada_orden_tipo, unidad_gestion, descripcion_resumida, ayuda, oculta) VALUES (516, 'Vencimiento:', 10, '', NULL, NULL, NULL, NULL, '0', 'Vencimiento:', NULL, 'N');
INSERT INTO sge_pregunta (pregunta, nombre, componente_numero, tabla_asociada, tabla_asociada_codigo, tabla_asociada_descripcion, tabla_asociada_orden_campo, tabla_asociada_orden_tipo, unidad_gestion, descripcion_resumida, ayuda, oculta) VALUES (517, 'Tipo de residencia:', 3, '', NULL, NULL, NULL, NULL, '0', 'Tipo de residencia:', NULL, 'N');
INSERT INTO sge_pregunta (pregunta, nombre, componente_numero, tabla_asociada, tabla_asociada_codigo, tabla_asociada_descripcion, tabla_asociada_orden_campo, tabla_asociada_orden_tipo, unidad_gestion, descripcion_resumida, ayuda, oculta) VALUES (518, '¿La residencia es por cupo? (Resolución 1523/90 del Ministerio de Educación de la Nación)', 3, '', NULL, NULL, NULL, NULL, '0', '¿La residencia es por cupo?', NULL, 'N');
INSERT INTO sge_pregunta (pregunta, nombre, componente_numero, tabla_asociada, tabla_asociada_codigo, tabla_asociada_descripcion, tabla_asociada_orden_campo, tabla_asociada_orden_tipo, unidad_gestion, descripcion_resumida, ayuda, oculta) VALUES (519, 'Fecha de otorgamiento de la residencia:', 10, '', NULL, NULL, NULL, NULL, '0', 'Fecha de otorgamiento:', NULL, 'N');
INSERT INTO sge_pregunta (pregunta, nombre, componente_numero, tabla_asociada, tabla_asociada_codigo, tabla_asociada_descripcion, tabla_asociada_orden_campo, tabla_asociada_orden_tipo, unidad_gestion, descripcion_resumida, ayuda, oculta) VALUES (520, 'Fecha de vencimiento de la residencia:', 10, '', NULL, NULL, NULL, NULL, '0', 'Fecha de vencimiento:', NULL, 'N');




INSERT INTO sge_pregunta (pregunta, nombre, componente_numero, tabla_asociada, tabla_asociada_codigo, tabla_asociada_descripcion, tabla_asociada_orden_campo, tabla_asociada_orden_tipo, unidad_gestion, descripcion_resumida, ayuda, oculta) VALUES (524, 'Escuela/Colegio de egreso:', 17, 'mdi_primario', 'cue', 'nombre', 'nombre', 'ASC', '0', 'Escuela/Colegio de egreso:', NULL, 'N');
INSERT INTO sge_pregunta (pregunta, nombre, componente_numero, tabla_asociada, tabla_asociada_codigo, tabla_asociada_descripcion, tabla_asociada_orden_campo, tabla_asociada_orden_tipo, unidad_gestion, descripcion_resumida, ayuda, oculta) VALUES (525, 'NIVEL PRIMARIO', 7, '', NULL, NULL, NULL, NULL, '0', 'NIVEL PRIMARIO', NULL, 'N');
INSERT INTO sge_pregunta (pregunta, nombre, componente_numero, tabla_asociada, tabla_asociada_codigo, tabla_asociada_descripcion, tabla_asociada_orden_campo, tabla_asociada_orden_tipo, unidad_gestion, descripcion_resumida, ayuda, oculta) VALUES (526, 'Año de ingreso:', 14, '', NULL, NULL, NULL, NULL, '0', 'Año de ingreso:', NULL, 'N');
INSERT INTO sge_pregunta (pregunta, nombre, componente_numero, tabla_asociada, tabla_asociada_codigo, tabla_asociada_descripcion, tabla_asociada_orden_campo, tabla_asociada_orden_tipo, unidad_gestion, descripcion_resumida, ayuda, oculta) VALUES (527, 'Año de egreso:', 14, '', NULL, NULL, NULL, NULL, '0', 'Año de egreso:', NULL, 'N');
INSERT INTO sge_pregunta (pregunta, nombre, componente_numero, tabla_asociada, tabla_asociada_codigo, tabla_asociada_descripcion, tabla_asociada_orden_campo, tabla_asociada_orden_tipo, unidad_gestion, descripcion_resumida, ayuda, oculta) VALUES (528, 'Ubicación de la institución:', 9, '', NULL, NULL, NULL, NULL, '0', 'Ubicación de la institución:', NULL, 'N');
INSERT INTO sge_pregunta (pregunta, nombre, componente_numero, tabla_asociada, tabla_asociada_codigo, tabla_asociada_descripcion, tabla_asociada_orden_campo, tabla_asociada_orden_tipo, unidad_gestion, descripcion_resumida, ayuda, oculta) VALUES (530, 'NIVEL SECUNDARIO / POLIMODAL', 7, '', NULL, NULL, NULL, NULL, '0', 'NIVEL SECUNDARIO / POLIMODAL', NULL, 'N');
INSERT INTO sge_pregunta (pregunta, nombre, componente_numero, tabla_asociada, tabla_asociada_codigo, tabla_asociada_descripcion, tabla_asociada_orden_campo, tabla_asociada_orden_tipo, unidad_gestion, descripcion_resumida, ayuda, oculta) VALUES (529, 'Escuela/Colegio de egreso:', 17, 'mdi_secundario', 'cue', 'nombre', 'nombre', 'ASC', '0', 'Escuela/Colegio de egreso:', NULL, 'N');
INSERT INTO sge_pregunta (pregunta, nombre, componente_numero, tabla_asociada, tabla_asociada_codigo, tabla_asociada_descripcion, tabla_asociada_orden_campo, tabla_asociada_orden_tipo, unidad_gestion, descripcion_resumida, ayuda, oculta) VALUES (523, 'Si en la pregunta anterior elegiste "Otro" indicanos cuál:', 1, NULL, NULL, NULL, NULL, NULL, '0', 'Escuela/Colegio de egreso:', NULL, 'N');
INSERT INTO sge_pregunta (pregunta, nombre, componente_numero, tabla_asociada, tabla_asociada_codigo, tabla_asociada_descripcion, tabla_asociada_orden_campo, tabla_asociada_orden_tipo, unidad_gestion, descripcion_resumida, ayuda, oculta) VALUES (531, 'Título secundario:', 17, 'mdi_secundario_titulo', 'titulo', 'nombre', 'nombre', 'ASC', '0', 'Título secundario:', NULL, 'N');
INSERT INTO sge_pregunta (pregunta, nombre, componente_numero, tabla_asociada, tabla_asociada_codigo, tabla_asociada_descripcion, tabla_asociada_orden_campo, tabla_asociada_orden_tipo, unidad_gestion, descripcion_resumida, ayuda, oculta) VALUES (532, 'Orientación del título:', 3, '', NULL, NULL, NULL, NULL, '0', 'Orientación del título:', NULL, 'N');
INSERT INTO sge_pregunta (pregunta, nombre, componente_numero, tabla_asociada, tabla_asociada_codigo, tabla_asociada_descripcion, tabla_asociada_orden_campo, tabla_asociada_orden_tipo, unidad_gestion, descripcion_resumida, ayuda, oculta) VALUES (533, '¿Adeudás materias?', 3, '', NULL, NULL, NULL, NULL, '0', '¿Adeudás materias?', NULL, 'N');
INSERT INTO sge_pregunta (pregunta, nombre, componente_numero, tabla_asociada, tabla_asociada_codigo, tabla_asociada_descripcion, tabla_asociada_orden_campo, tabla_asociada_orden_tipo, unidad_gestion, descripcion_resumida, ayuda, oculta) VALUES (534, '¿Recibiste algún tipo de Orientación Vocacional?', 3, '', NULL, NULL, NULL, NULL, '0', 'Orientación Vocacional:', NULL, 'N');
INSERT INTO sge_pregunta (pregunta, nombre, componente_numero, tabla_asociada, tabla_asociada_codigo, tabla_asociada_descripcion, tabla_asociada_orden_campo, tabla_asociada_orden_tipo, unidad_gestion, descripcion_resumida, ayuda, oculta) VALUES (535, '¿Dónde la recibiste?', 3, '', NULL, NULL, NULL, NULL, '0', '¿Dónde la recibiste?', NULL, 'N');
INSERT INTO sge_pregunta (pregunta, nombre, componente_numero, tabla_asociada, tabla_asociada_codigo, tabla_asociada_descripcion, tabla_asociada_orden_campo, tabla_asociada_orden_tipo, unidad_gestion, descripcion_resumida, ayuda, oculta) VALUES (536, 'NIVEL SUPERIOR', 7, '', NULL, NULL, NULL, NULL, '0', 'NIVEL SUPERIOR', NULL, 'N');
INSERT INTO sge_pregunta (pregunta, nombre, componente_numero, tabla_asociada, tabla_asociada_codigo, tabla_asociada_descripcion, tabla_asociada_orden_campo, tabla_asociada_orden_tipo, unidad_gestion, descripcion_resumida, ayuda, oculta) VALUES (537, '¿Iniciaste alguna otra carrera de nivel superior?', 3, '', NULL, NULL, NULL, NULL, '0', '¿Alguna otra carrera?', NULL, 'N');
INSERT INTO sge_pregunta (pregunta, nombre, componente_numero, tabla_asociada, tabla_asociada_codigo, tabla_asociada_descripcion, tabla_asociada_orden_campo, tabla_asociada_orden_tipo, unidad_gestion, descripcion_resumida, ayuda, oculta) VALUES (538, 'Carrera:', 1, '', NULL, NULL, NULL, NULL, '0', 'Carrera:', NULL, 'N');
INSERT INTO sge_pregunta (pregunta, nombre, componente_numero, tabla_asociada, tabla_asociada_codigo, tabla_asociada_descripcion, tabla_asociada_orden_campo, tabla_asociada_orden_tipo, unidad_gestion, descripcion_resumida, ayuda, oculta) VALUES (539, 'Tipo de institución:', 3, '', NULL, NULL, NULL, NULL, '0', 'Tipo de institución:', NULL, 'N');
INSERT INTO sge_pregunta (pregunta, nombre, componente_numero, tabla_asociada, tabla_asociada_codigo, tabla_asociada_descripcion, tabla_asociada_orden_campo, tabla_asociada_orden_tipo, unidad_gestion, descripcion_resumida, ayuda, oculta) VALUES (540, 'Nombre de la institución:', 1, '', NULL, NULL, NULL, NULL, '0', 'Nombre de la institución:', NULL, 'N');
INSERT INTO sge_pregunta (pregunta, nombre, componente_numero, tabla_asociada, tabla_asociada_codigo, tabla_asociada_descripcion, tabla_asociada_orden_campo, tabla_asociada_orden_tipo, unidad_gestion, descripcion_resumida, ayuda, oculta) VALUES (541, 'Situación:', 3, '', NULL, NULL, NULL, NULL, '0', 'Situación:', NULL, 'N');
INSERT INTO sge_pregunta (pregunta, nombre, componente_numero, tabla_asociada, tabla_asociada_codigo, tabla_asociada_descripcion, tabla_asociada_orden_campo, tabla_asociada_orden_tipo, unidad_gestion, descripcion_resumida, ayuda, oculta) VALUES (542, 'Razón de abandono:', 3, '', NULL, NULL, NULL, NULL, '0', 'Razón de abandono:', NULL, 'N');
INSERT INTO sge_pregunta (pregunta, nombre, componente_numero, tabla_asociada, tabla_asociada_codigo, tabla_asociada_descripcion, tabla_asociada_orden_campo, tabla_asociada_orden_tipo, unidad_gestion, descripcion_resumida, ayuda, oculta) VALUES (543, '¿Pensás estudiar las dos carreras en simultáneo?', 3, '', NULL, NULL, NULL, NULL, '0', '¿Carreras en simultáneo?', NULL, 'N');
INSERT INTO sge_pregunta (pregunta, nombre, componente_numero, tabla_asociada, tabla_asociada_codigo, tabla_asociada_descripcion, tabla_asociada_orden_campo, tabla_asociada_orden_tipo, unidad_gestion, descripcion_resumida, ayuda, oculta) VALUES (544, '¿En qué año egresaste?', 14, '', NULL, NULL, NULL, NULL, '0', '¿En qué año egresaste?', NULL, 'N');
INSERT INTO sge_pregunta (pregunta, nombre, componente_numero, tabla_asociada, tabla_asociada_codigo, tabla_asociada_descripcion, tabla_asociada_orden_campo, tabla_asociada_orden_tipo, unidad_gestion, descripcion_resumida, ayuda, oculta) VALUES (545, 'Título obtenido:', 1, '', NULL, NULL, NULL, NULL, '0', 'Título obtenido:', NULL, 'N');
INSERT INTO sge_pregunta (pregunta, nombre, componente_numero, tabla_asociada, tabla_asociada_codigo, tabla_asociada_descripcion, tabla_asociada_orden_campo, tabla_asociada_orden_tipo, unidad_gestion, descripcion_resumida, ayuda, oculta) VALUES (546, 'Área de formación:', 3, '', NULL, NULL, NULL, NULL, '0', 'Área de formación:', NULL, 'N');
INSERT INTO sge_pregunta (pregunta, nombre, componente_numero, tabla_asociada, tabla_asociada_codigo, tabla_asociada_descripcion, tabla_asociada_orden_campo, tabla_asociada_orden_tipo, unidad_gestion, descripcion_resumida, ayuda, oculta) VALUES (547, 'Estado civil:', 3, '', NULL, NULL, NULL, NULL, '0', 'Estado civil:', NULL, 'N');
INSERT INTO sge_pregunta (pregunta, nombre, componente_numero, tabla_asociada, tabla_asociada_codigo, tabla_asociada_descripcion, tabla_asociada_orden_campo, tabla_asociada_orden_tipo, unidad_gestion, descripcion_resumida, ayuda, oculta) VALUES (548, '¿Convive con alguien?', 3, '', NULL, NULL, NULL, NULL, '0', '¿Convive con alguien?', NULL, 'N');
INSERT INTO sge_pregunta (pregunta, nombre, componente_numero, tabla_asociada, tabla_asociada_codigo, tabla_asociada_descripcion, tabla_asociada_orden_campo, tabla_asociada_orden_tipo, unidad_gestion, descripcion_resumida, ayuda, oculta) VALUES (549, 'Cantidad de hijos:', 3, '', NULL, NULL, NULL, NULL, '0', 'Cantidad de hijos:', NULL, 'N');
INSERT INTO sge_pregunta (pregunta, nombre, componente_numero, tabla_asociada, tabla_asociada_codigo, tabla_asociada_descripcion, tabla_asociada_orden_campo, tabla_asociada_orden_tipo, unidad_gestion, descripcion_resumida, ayuda, oculta) VALUES (550, 'Cantidad de familiares a cargo:', 3, '', NULL, NULL, NULL, NULL, '0', 'Cantidad de familiares a cargo', NULL, 'N');
INSERT INTO sge_pregunta (pregunta, nombre, componente_numero, tabla_asociada, tabla_asociada_codigo, tabla_asociada_descripcion, tabla_asociada_orden_campo, tabla_asociada_orden_tipo, unidad_gestion, descripcion_resumida, ayuda, oculta) VALUES (551, 'A continuación vas a responder acerca de:', 3, '', NULL, NULL, NULL, NULL, '0', 'Situación de los padres:', NULL, 'N');




INSERT INTO sge_pregunta (pregunta, nombre, componente_numero, tabla_asociada, tabla_asociada_codigo, tabla_asociada_descripcion, tabla_asociada_orden_campo, tabla_asociada_orden_tipo, unidad_gestion, descripcion_resumida, ayuda, oculta) VALUES (556, 'Datos correspondientes a Madre', 7, '', NULL, NULL, NULL, NULL, '0', 'Datos correspondientes a Madre', NULL, 'N');
INSERT INTO sge_pregunta (pregunta, nombre, componente_numero, tabla_asociada, tabla_asociada_codigo, tabla_asociada_descripcion, tabla_asociada_orden_campo, tabla_asociada_orden_tipo, unidad_gestion, descripcion_resumida, ayuda, oculta) VALUES (557, 'Datos correspondientes a Padre', 7, '', NULL, NULL, NULL, NULL, '0', 'Datos correspondientes a Padre', NULL, 'N');
INSERT INTO sge_pregunta (pregunta, nombre, componente_numero, tabla_asociada, tabla_asociada_codigo, tabla_asociada_descripcion, tabla_asociada_orden_campo, tabla_asociada_orden_tipo, unidad_gestion, descripcion_resumida, ayuda, oculta) VALUES (558, '¿Vive?', 3, '', NULL, NULL, NULL, NULL, '0', '¿Vive?', NULL, 'N');
INSERT INTO sge_pregunta (pregunta, nombre, componente_numero, tabla_asociada, tabla_asociada_codigo, tabla_asociada_descripcion, tabla_asociada_orden_campo, tabla_asociada_orden_tipo, unidad_gestion, descripcion_resumida, ayuda, oculta) VALUES (559, 'Máximo nivel de estudios alcanzados:', 3, '', NULL, NULL, NULL, NULL, '0', 'Estudios alcanzados:', NULL, 'N');
INSERT INTO sge_pregunta (pregunta, nombre, componente_numero, tabla_asociada, tabla_asociada_codigo, tabla_asociada_descripcion, tabla_asociada_orden_campo, tabla_asociada_orden_tipo, unidad_gestion, descripcion_resumida, ayuda, oculta) VALUES (560, 'Condición de actividad durante la semana pasada:', 3, '', NULL, NULL, NULL, NULL, '0', 'Condición de actividad:', NULL, 'N');
INSERT INTO sge_pregunta (pregunta, nombre, componente_numero, tabla_asociada, tabla_asociada_codigo, tabla_asociada_descripcion, tabla_asociada_orden_campo, tabla_asociada_orden_tipo, unidad_gestion, descripcion_resumida, ayuda, oculta) VALUES (561, 'Si no estuvo empleado y no buscó empleo:', 3, '', NULL, NULL, NULL, NULL, '0', 'Si no estuvo empleado:', NULL, 'N');
INSERT INTO sge_pregunta (pregunta, nombre, componente_numero, tabla_asociada, tabla_asociada_codigo, tabla_asociada_descripcion, tabla_asociada_orden_campo, tabla_asociada_orden_tipo, unidad_gestion, descripcion_resumida, ayuda, oculta) VALUES (562, 'Tipo de residencia:', 3, '', NULL, NULL, NULL, NULL, '0', 'Tipo de residencia:', NULL, 'N');
INSERT INTO sge_pregunta (pregunta, nombre, componente_numero, tabla_asociada, tabla_asociada_codigo, tabla_asociada_descripcion, tabla_asociada_orden_campo, tabla_asociada_orden_tipo, unidad_gestion, descripcion_resumida, ayuda, oculta) VALUES (563, '¿Con quién vivís?', 3, '', NULL, NULL, NULL, NULL, '0', '¿Con quién vivís?', NULL, 'N');
INSERT INTO sge_pregunta (pregunta, nombre, componente_numero, tabla_asociada, tabla_asociada_codigo, tabla_asociada_descripcion, tabla_asociada_orden_campo, tabla_asociada_orden_tipo, unidad_gestion, descripcion_resumida, ayuda, oculta) VALUES (564, 'Calle:', 1, '', NULL, NULL, NULL, NULL, '0', 'Calle:', NULL, 'N');
INSERT INTO sge_pregunta (pregunta, nombre, componente_numero, tabla_asociada, tabla_asociada_codigo, tabla_asociada_descripcion, tabla_asociada_orden_campo, tabla_asociada_orden_tipo, unidad_gestion, descripcion_resumida, ayuda, oculta) VALUES (565, 'Número:', 11, '', NULL, NULL, NULL, NULL, '0', 'Número:', NULL, 'N');
INSERT INTO sge_pregunta (pregunta, nombre, componente_numero, tabla_asociada, tabla_asociada_codigo, tabla_asociada_descripcion, tabla_asociada_orden_campo, tabla_asociada_orden_tipo, unidad_gestion, descripcion_resumida, ayuda, oculta) VALUES (566, 'Piso:', 11, '', NULL, NULL, NULL, NULL, '0', 'Piso:', NULL, 'N');
INSERT INTO sge_pregunta (pregunta, nombre, componente_numero, tabla_asociada, tabla_asociada_codigo, tabla_asociada_descripcion, tabla_asociada_orden_campo, tabla_asociada_orden_tipo, unidad_gestion, descripcion_resumida, ayuda, oculta) VALUES (567, 'Departamento:', 1, '', NULL, NULL, NULL, NULL, '0', 'Departamento:', NULL, 'N');
INSERT INTO sge_pregunta (pregunta, nombre, componente_numero, tabla_asociada, tabla_asociada_codigo, tabla_asociada_descripcion, tabla_asociada_orden_campo, tabla_asociada_orden_tipo, unidad_gestion, descripcion_resumida, ayuda, oculta) VALUES (568, 'Unidad (manzana/casa):', 1, '', NULL, NULL, NULL, NULL, '0', 'Unidad (manzana/casa):', NULL, 'N');
INSERT INTO sge_pregunta (pregunta, nombre, componente_numero, tabla_asociada, tabla_asociada_codigo, tabla_asociada_descripcion, tabla_asociada_orden_campo, tabla_asociada_orden_tipo, unidad_gestion, descripcion_resumida, ayuda, oculta) VALUES (569, 'Localidad:', 18, '', NULL, NULL, NULL, NULL, '0', 'Localidad:', NULL, 'N');
INSERT INTO sge_pregunta (pregunta, nombre, componente_numero, tabla_asociada, tabla_asociada_codigo, tabla_asociada_descripcion, tabla_asociada_orden_campo, tabla_asociada_orden_tipo, unidad_gestion, descripcion_resumida, ayuda, oculta) VALUES (570, 'Código Postal:', 19, 'mug_cod_postales', 'id', 'codigo_postal', 'codigo', 'ASC', '0', 'Código Postal:', NULL, 'S');
INSERT INTO sge_pregunta (pregunta, nombre, componente_numero, tabla_asociada, tabla_asociada_codigo, tabla_asociada_descripcion, tabla_asociada_orden_campo, tabla_asociada_orden_tipo, unidad_gestion, descripcion_resumida, ayuda, oculta) VALUES (571, 'Teléfono fijo:', 1, '', NULL, NULL, NULL, NULL, '0', 'Teléfono fijo:', NULL, 'N');
INSERT INTO sge_pregunta (pregunta, nombre, componente_numero, tabla_asociada, tabla_asociada_codigo, tabla_asociada_descripcion, tabla_asociada_orden_campo, tabla_asociada_orden_tipo, unidad_gestion, descripcion_resumida, ayuda, oculta) VALUES (572, 'Característica de celular:', 11, '', NULL, NULL, NULL, NULL, '0', 'Característica de celular:', NULL, 'N');
INSERT INTO sge_pregunta (pregunta, nombre, componente_numero, tabla_asociada, tabla_asociada_codigo, tabla_asociada_descripcion, tabla_asociada_orden_campo, tabla_asociada_orden_tipo, unidad_gestion, descripcion_resumida, ayuda, oculta) VALUES (573, 'Número de celular:', 1, '', NULL, NULL, NULL, NULL, '0', 'Número de celular:', NULL, 'N');
INSERT INTO sge_pregunta (pregunta, nombre, componente_numero, tabla_asociada, tabla_asociada_codigo, tabla_asociada_descripcion, tabla_asociada_orden_campo, tabla_asociada_orden_tipo, unidad_gestion, descripcion_resumida, ayuda, oculta) VALUES (574, '¿Es el mismo que tenés durante el período de clases?', 3, '', NULL, NULL, NULL, NULL, '0', 'Domicilio real:', NULL, 'N');
INSERT INTO sge_pregunta (pregunta, nombre, componente_numero, tabla_asociada, tabla_asociada_codigo, tabla_asociada_descripcion, tabla_asociada_orden_campo, tabla_asociada_orden_tipo, unidad_gestion, descripcion_resumida, ayuda, oculta) VALUES (554, 'Localidad:', 18, '', NULL, NULL, NULL, NULL, '0', 'Localidad:', NULL, 'N');
INSERT INTO sge_pregunta (pregunta, nombre, componente_numero, tabla_asociada, tabla_asociada_codigo, tabla_asociada_descripcion, tabla_asociada_orden_campo, tabla_asociada_orden_tipo, unidad_gestion, descripcion_resumida, ayuda, oculta) VALUES (555, 'Código Postal:', 19, 'mug_cod_postales', 'id', 'codigo_postal', 'codigo', 'ASC', '0', 'Código Postal:', NULL, 'S');
INSERT INTO sge_pregunta (pregunta, nombre, componente_numero, tabla_asociada, tabla_asociada_codigo, tabla_asociada_descripcion, tabla_asociada_orden_campo, tabla_asociada_orden_tipo, unidad_gestion, descripcion_resumida, ayuda, oculta) VALUES (575, 'Teléfono:', 1, '', NULL, NULL, NULL, NULL, '0', 'Teléfono:', NULL, 'N');
INSERT INTO sge_pregunta (pregunta, nombre, componente_numero, tabla_asociada, tabla_asociada_codigo, tabla_asociada_descripcion, tabla_asociada_orden_campo, tabla_asociada_orden_tipo, unidad_gestion, descripcion_resumida, ayuda, oculta) VALUES (576, 'Vínculo:', 3, '', NULL, NULL, NULL, NULL, '0', 'Vínculo:', NULL, 'N');
INSERT INTO sge_pregunta (pregunta, nombre, componente_numero, tabla_asociada, tabla_asociada_codigo, tabla_asociada_descripcion, tabla_asociada_orden_campo, tabla_asociada_orden_tipo, unidad_gestion, descripcion_resumida, ayuda, oculta) VALUES (577, 'Nombre y apellido:', 1, '', NULL, NULL, NULL, NULL, '0', 'Nombre y apellido:', NULL, 'N');
INSERT INTO sge_pregunta (pregunta, nombre, componente_numero, tabla_asociada, tabla_asociada_codigo, tabla_asociada_descripcion, tabla_asociada_orden_campo, tabla_asociada_orden_tipo, unidad_gestion, descripcion_resumida, ayuda, oculta) VALUES (578, 'Calle:', 1, '', NULL, NULL, NULL, NULL, '0', 'Calle:', NULL, 'N');
INSERT INTO sge_pregunta (pregunta, nombre, componente_numero, tabla_asociada, tabla_asociada_codigo, tabla_asociada_descripcion, tabla_asociada_orden_campo, tabla_asociada_orden_tipo, unidad_gestion, descripcion_resumida, ayuda, oculta) VALUES (579, 'Número:', 11, '', NULL, NULL, NULL, NULL, '0', 'Número:', NULL, 'N');
INSERT INTO sge_pregunta (pregunta, nombre, componente_numero, tabla_asociada, tabla_asociada_codigo, tabla_asociada_descripcion, tabla_asociada_orden_campo, tabla_asociada_orden_tipo, unidad_gestion, descripcion_resumida, ayuda, oculta) VALUES (580, 'Piso:', 11, '', NULL, NULL, NULL, NULL, '0', 'Piso:', NULL, 'N');
INSERT INTO sge_pregunta (pregunta, nombre, componente_numero, tabla_asociada, tabla_asociada_codigo, tabla_asociada_descripcion, tabla_asociada_orden_campo, tabla_asociada_orden_tipo, unidad_gestion, descripcion_resumida, ayuda, oculta) VALUES (581, 'Departamento:', 1, '', NULL, NULL, NULL, NULL, '0', 'Departamento:', NULL, 'N');
INSERT INTO sge_pregunta (pregunta, nombre, componente_numero, tabla_asociada, tabla_asociada_codigo, tabla_asociada_descripcion, tabla_asociada_orden_campo, tabla_asociada_orden_tipo, unidad_gestion, descripcion_resumida, ayuda, oculta) VALUES (582, 'Unidad (manzana/casa):', 1, '', NULL, NULL, NULL, NULL, '0', 'Unidad (manzana/casa):', NULL, 'N');
INSERT INTO sge_pregunta (pregunta, nombre, componente_numero, tabla_asociada, tabla_asociada_codigo, tabla_asociada_descripcion, tabla_asociada_orden_campo, tabla_asociada_orden_tipo, unidad_gestion, descripcion_resumida, ayuda, oculta) VALUES (583, 'Localidad:', 18, '', NULL, NULL, NULL, NULL, '0', 'Localidad:', NULL, 'N');
INSERT INTO sge_pregunta (pregunta, nombre, componente_numero, tabla_asociada, tabla_asociada_codigo, tabla_asociada_descripcion, tabla_asociada_orden_campo, tabla_asociada_orden_tipo, unidad_gestion, descripcion_resumida, ayuda, oculta) VALUES (584, 'Código Postal:', 19, 'mug_cod_postales', 'id', 'codigo_postal', 'codigo', 'ASC', '0', 'Código Postal:', NULL, 'S');
INSERT INTO sge_pregunta (pregunta, nombre, componente_numero, tabla_asociada, tabla_asociada_codigo, tabla_asociada_descripcion, tabla_asociada_orden_campo, tabla_asociada_orden_tipo, unidad_gestion, descripcion_resumida, ayuda, oculta) VALUES (585, 'Teléfono:', 1, '', NULL, NULL, NULL, NULL, '0', 'Teléfono:', NULL, 'N');
INSERT INTO sge_pregunta (pregunta, nombre, componente_numero, tabla_asociada, tabla_asociada_codigo, tabla_asociada_descripcion, tabla_asociada_orden_campo, tabla_asociada_orden_tipo, unidad_gestion, descripcion_resumida, ayuda, oculta) VALUES (586, '¿Bajo qué modalidad ingresarías?', 4, '', NULL, NULL, NULL, NULL, '0', 'Modalidad de ingreso:', NULL, 'N');
INSERT INTO sge_pregunta (pregunta, nombre, componente_numero, tabla_asociada, tabla_asociada_codigo, tabla_asociada_descripcion, tabla_asociada_orden_campo, tabla_asociada_orden_tipo, unidad_gestion, descripcion_resumida, ayuda, oculta) VALUES (587, 'Carrera principal a inscribirse:', 17, 'mdi_carrera', 'codigo', 'descripcion', 'descripcion', 'ASC', '0', 'Carrera principal:', NULL, 'N');
INSERT INTO sge_pregunta (pregunta, nombre, componente_numero, tabla_asociada, tabla_asociada_codigo, tabla_asociada_descripcion, tabla_asociada_orden_campo, tabla_asociada_orden_tipo, unidad_gestion, descripcion_resumida, ayuda, oculta) VALUES (588, 'Otra carrera en la que deseás inscribirte:', 1, '', NULL, NULL, NULL, NULL, '0', 'Otra carrea:', NULL, 'N');
INSERT INTO sge_pregunta (pregunta, nombre, componente_numero, tabla_asociada, tabla_asociada_codigo, tabla_asociada_descripcion, tabla_asociada_orden_campo, tabla_asociada_orden_tipo, unidad_gestion, descripcion_resumida, ayuda, oculta) VALUES (589, '¿Te preinscribís simultáneamente a una segunda Carrera en otra institución?', 3, '', NULL, NULL, NULL, NULL, '0', '¿Preinscripción simultánea?', NULL, 'N');
INSERT INTO sge_pregunta (pregunta, nombre, componente_numero, tabla_asociada, tabla_asociada_codigo, tabla_asociada_descripcion, tabla_asociada_orden_campo, tabla_asociada_orden_tipo, unidad_gestion, descripcion_resumida, ayuda, oculta) VALUES (590, '¿Cuál?', 1, '', NULL, NULL, NULL, NULL, '0', '¿Cuál?', NULL, 'N');
INSERT INTO sge_pregunta (pregunta, nombre, componente_numero, tabla_asociada, tabla_asociada_codigo, tabla_asociada_descripcion, tabla_asociada_orden_campo, tabla_asociada_orden_tipo, unidad_gestion, descripcion_resumida, ayuda, oculta) VALUES (591, 'Turno preferido:', 3, '', NULL, NULL, NULL, NULL, '0', 'Turno preferido:', NULL, 'N');
INSERT INTO sge_pregunta (pregunta, nombre, componente_numero, tabla_asociada, tabla_asociada_codigo, tabla_asociada_descripcion, tabla_asociada_orden_campo, tabla_asociada_orden_tipo, unidad_gestion, descripcion_resumida, ayuda, oculta) VALUES (592, 'Motivos por los que elegiste esta institución educativa (Elegí hasta 3 opciones):', 4, '', NULL, NULL, NULL, NULL, '0', 'Motivos de elección de instit.', NULL, 'N');
INSERT INTO sge_pregunta (pregunta, nombre, componente_numero, tabla_asociada, tabla_asociada_codigo, tabla_asociada_descripcion, tabla_asociada_orden_campo, tabla_asociada_orden_tipo, unidad_gestion, descripcion_resumida, ayuda, oculta) VALUES (593, '¿Cuál de los siguientes motivos tuvo mayor peso en tu elección de Carrera? (Elegí hasta 3 opciones)', 4, '', NULL, NULL, NULL, NULL, '0', 'Motivos de elección de Carrera', NULL, 'N');
INSERT INTO sge_pregunta (pregunta, nombre, componente_numero, tabla_asociada, tabla_asociada_codigo, tabla_asociada_descripcion, tabla_asociada_orden_campo, tabla_asociada_orden_tipo, unidad_gestion, descripcion_resumida, ayuda, oculta) VALUES (594, '¿Qué sentimientos te genera ingresar a la Universidad?', 3, '', NULL, NULL, NULL, NULL, '0', 'Ingreso a la Universidad:', NULL, 'N');
INSERT INTO sge_pregunta (pregunta, nombre, componente_numero, tabla_asociada, tabla_asociada_codigo, tabla_asociada_descripcion, tabla_asociada_orden_campo, tabla_asociada_orden_tipo, unidad_gestion, descripcion_resumida, ayuda, oculta) VALUES (595, '¿Qué desafíos representa para vos el ingreso a la Universidad?', 3, '', NULL, NULL, NULL, NULL, '0', 'Desafíos de ingresar a la Uni.', NULL, 'N');
INSERT INTO sge_pregunta (pregunta, nombre, componente_numero, tabla_asociada, tabla_asociada_codigo, tabla_asociada_descripcion, tabla_asociada_orden_campo, tabla_asociada_orden_tipo, unidad_gestion, descripcion_resumida, ayuda, oculta) VALUES (596, '¿Cómo pensás costear tus estudios?', 5, '', NULL, NULL, NULL, NULL, '0', 'Costeo de los estudios:', NULL, 'N');
INSERT INTO sge_pregunta (pregunta, nombre, componente_numero, tabla_asociada, tabla_asociada_codigo, tabla_asociada_descripcion, tabla_asociada_orden_campo, tabla_asociada_orden_tipo, unidad_gestion, descripcion_resumida, ayuda, oculta) VALUES (597, '¿Pensás tramitar una beca?', 3, '', NULL, NULL, NULL, NULL, '0', '¿Pensás tramitar una beca?', NULL, 'N');
INSERT INTO sge_pregunta (pregunta, nombre, componente_numero, tabla_asociada, tabla_asociada_codigo, tabla_asociada_descripcion, tabla_asociada_orden_campo, tabla_asociada_orden_tipo, unidad_gestion, descripcion_resumida, ayuda, oculta) VALUES (598, 'Característica de la beca que tramitará:', 4, '', NULL, NULL, NULL, NULL, '0', 'Característica de la beca:', NULL, 'N');
INSERT INTO sge_pregunta (pregunta, nombre, componente_numero, tabla_asociada, tabla_asociada_codigo, tabla_asociada_descripcion, tabla_asociada_orden_campo, tabla_asociada_orden_tipo, unidad_gestion, descripcion_resumida, ayuda, oculta) VALUES (599, 'Condición de actividad durante la semana pasada:', 3, '', NULL, NULL, NULL, NULL, '0', 'Condición de actividad:', NULL, 'N');
INSERT INTO sge_pregunta (pregunta, nombre, componente_numero, tabla_asociada, tabla_asociada_codigo, tabla_asociada_descripcion, tabla_asociada_orden_campo, tabla_asociada_orden_tipo, unidad_gestion, descripcion_resumida, ayuda, oculta) VALUES (600, 'En ese trabajo te desempeñás como:', 3, '', NULL, NULL, NULL, NULL, '0', 'En ese trabajo te desempeñás:', NULL, 'N');
INSERT INTO sge_pregunta (pregunta, nombre, componente_numero, tabla_asociada, tabla_asociada_codigo, tabla_asociada_descripcion, tabla_asociada_orden_campo, tabla_asociada_orden_tipo, unidad_gestion, descripcion_resumida, ayuda, oculta) VALUES (601, '¿Realizás aportes jubilatorios?', 3, '', NULL, NULL, NULL, NULL, '0', '¿Aportes jubilatorios?', NULL, 'N');
INSERT INTO sge_pregunta (pregunta, nombre, componente_numero, tabla_asociada, tabla_asociada_codigo, tabla_asociada_descripcion, tabla_asociada_orden_campo, tabla_asociada_orden_tipo, unidad_gestion, descripcion_resumida, ayuda, oculta) VALUES (602, '¿Trabajás en el negocio o empresa de un familiar?', 3, '', NULL, NULL, NULL, NULL, '0', '¿Negocio o empresa de familia?', NULL, 'N');
INSERT INTO sge_pregunta (pregunta, nombre, componente_numero, tabla_asociada, tabla_asociada_codigo, tabla_asociada_descripcion, tabla_asociada_orden_campo, tabla_asociada_orden_tipo, unidad_gestion, descripcion_resumida, ayuda, oculta) VALUES (603, '¿Recibís u obtenés pago por tu trabajo? (En dinero o especies)', 3, '', NULL, NULL, NULL, NULL, '0', '¿Recibís u obtenés pago?', NULL, 'N');
INSERT INTO sge_pregunta (pregunta, nombre, componente_numero, tabla_asociada, tabla_asociada_codigo, tabla_asociada_descripcion, tabla_asociada_orden_campo, tabla_asociada_orden_tipo, unidad_gestion, descripcion_resumida, ayuda, oculta) VALUES (604, 'Esa ocupación es:', 3, '', NULL, NULL, NULL, NULL, '0', 'Esa ocupación es:', NULL, 'N');
INSERT INTO sge_pregunta (pregunta, nombre, componente_numero, tabla_asociada, tabla_asociada_codigo, tabla_asociada_descripcion, tabla_asociada_orden_campo, tabla_asociada_orden_tipo, unidad_gestion, descripcion_resumida, ayuda, oculta) VALUES (605, 'Horas semanales de trabajo:', 3, '', NULL, NULL, NULL, NULL, '0', 'Horas semanales de trabajo:', NULL, 'N');
INSERT INTO sge_pregunta (pregunta, nombre, componente_numero, tabla_asociada, tabla_asociada_codigo, tabla_asociada_descripcion, tabla_asociada_orden_campo, tabla_asociada_orden_tipo, unidad_gestion, descripcion_resumida, ayuda, oculta) VALUES (606, 'Relación con la Carrera:', 3, '', NULL, NULL, NULL, NULL, '0', 'Relación con la Carrera:', NULL, 'N');
INSERT INTO sge_pregunta (pregunta, nombre, componente_numero, tabla_asociada, tabla_asociada_codigo, tabla_asociada_descripcion, tabla_asociada_orden_campo, tabla_asociada_orden_tipo, unidad_gestion, descripcion_resumida, ayuda, oculta) VALUES (607, 'Describí la tarea que realizás:', 8, '', NULL, NULL, NULL, NULL, '0', 'Tarea realizada:', NULL, 'N');
INSERT INTO sge_pregunta (pregunta, nombre, componente_numero, tabla_asociada, tabla_asociada_codigo, tabla_asociada_descripcion, tabla_asociada_orden_campo, tabla_asociada_orden_tipo, unidad_gestion, descripcion_resumida, ayuda, oculta) VALUES (608, '¿Tenés obra social o cobertura social?', 3, '', NULL, NULL, NULL, NULL, '0', '¿Obra o cobertural social?', NULL, 'N');
INSERT INTO sge_pregunta (pregunta, nombre, componente_numero, tabla_asociada, tabla_asociada_codigo, tabla_asociada_descripcion, tabla_asociada_orden_campo, tabla_asociada_orden_tipo, unidad_gestion, descripcion_resumida, ayuda, oculta) VALUES (609, '¿Cuál es su condición?', 3, '', NULL, NULL, NULL, NULL, '0', '¿Cuál es su condición?', NULL, 'N');
INSERT INTO sge_pregunta (pregunta, nombre, componente_numero, tabla_asociada, tabla_asociada_codigo, tabla_asociada_descripcion, tabla_asociada_orden_campo, tabla_asociada_orden_tipo, unidad_gestion, descripcion_resumida, ayuda, oculta) VALUES (610, '¿Tenés alguna discapacidad?', 3, '', NULL, NULL, NULL, NULL, '0', '¿Tenés alguna discapacidad?', NULL, 'N');
INSERT INTO sge_pregunta (pregunta, nombre, componente_numero, tabla_asociada, tabla_asociada_codigo, tabla_asociada_descripcion, tabla_asociada_orden_campo, tabla_asociada_orden_tipo, unidad_gestion, descripcion_resumida, ayuda, oculta) VALUES (611, '¿Qué tipo de discapacidad tenés?', 4, '', NULL, NULL, NULL, NULL, '0', 'Tipo de discapacidad:', NULL, 'N');
INSERT INTO sge_pregunta (pregunta, nombre, componente_numero, tabla_asociada, tabla_asociada_codigo, tabla_asociada_descripcion, tabla_asociada_orden_campo, tabla_asociada_orden_tipo, unidad_gestion, descripcion_resumida, ayuda, oculta) VALUES (612, 'Esa discapacidad es:', 3, '', NULL, NULL, NULL, NULL, '0', 'Esa discapacidad es:', NULL, 'N');
INSERT INTO sge_pregunta (pregunta, nombre, componente_numero, tabla_asociada, tabla_asociada_codigo, tabla_asociada_descripcion, tabla_asociada_orden_campo, tabla_asociada_orden_tipo, unidad_gestion, descripcion_resumida, ayuda, oculta) VALUES (613, 'Grado:', 3, '', NULL, NULL, NULL, NULL, '0', 'Grado:', NULL, 'N');
INSERT INTO sge_pregunta (pregunta, nombre, componente_numero, tabla_asociada, tabla_asociada_codigo, tabla_asociada_descripcion, tabla_asociada_orden_campo, tabla_asociada_orden_tipo, unidad_gestion, descripcion_resumida, ayuda, oculta) VALUES (614, '¿Sos celíaco?', 3, '', NULL, NULL, NULL, NULL, '0', '¿Sos celíaco?', NULL, 'N');
INSERT INTO sge_pregunta (pregunta, nombre, componente_numero, tabla_asociada, tabla_asociada_codigo, tabla_asociada_descripcion, tabla_asociada_orden_campo, tabla_asociada_orden_tipo, unidad_gestion, descripcion_resumida, ayuda, oculta) VALUES (615, '¿Pertenecés a algún pueblo originario?', 3, '', NULL, NULL, NULL, NULL, '0', '¿Pueblo originario?', NULL, 'N');
INSERT INTO sge_pregunta (pregunta, nombre, componente_numero, tabla_asociada, tabla_asociada_codigo, tabla_asociada_descripcion, tabla_asociada_orden_campo, tabla_asociada_orden_tipo, unidad_gestion, descripcion_resumida, ayuda, oculta) VALUES (616, '¿Cuál?', 3, 'mdi_pueblo_originario', 'pueblo_originario', 'nombre', 'codigo', 'ASC ', '0', '¿Cuál?', NULL, 'N');
INSERT INTO sge_pregunta (pregunta, nombre, componente_numero, tabla_asociada, tabla_asociada_codigo, tabla_asociada_descripcion, tabla_asociada_orden_campo, tabla_asociada_orden_tipo, unidad_gestion, descripcion_resumida, ayuda, oculta) VALUES (617, '¿Cuál?', 1, '', NULL, NULL, NULL, NULL, '0', '¿Cuál?', NULL, 'N');
INSERT INTO sge_pregunta (pregunta, nombre, componente_numero, tabla_asociada, tabla_asociada_codigo, tabla_asociada_descripcion, tabla_asociada_orden_campo, tabla_asociada_orden_tipo, unidad_gestion, descripcion_resumida, ayuda, oculta) VALUES (618, '¿Qué otras actividades, además de estudiar, realizás en la actualidad?', 4, '', NULL, NULL, NULL, NULL, '0', '¿Otras actividades?', NULL, 'N');
INSERT INTO sge_pregunta (pregunta, nombre, componente_numero, tabla_asociada, tabla_asociada_codigo, tabla_asociada_descripcion, tabla_asociada_orden_campo, tabla_asociada_orden_tipo, unidad_gestion, descripcion_resumida, ayuda, oculta) VALUES (619, '¿Cuánto tiempo dedicás semanalmente? (En horas)', 7, '', NULL, NULL, NULL, NULL, '0', '¿Cuánto tiempo dedicás?', NULL, 'N');
INSERT INTO sge_pregunta (pregunta, nombre, componente_numero, tabla_asociada, tabla_asociada_codigo, tabla_asociada_descripcion, tabla_asociada_orden_campo, tabla_asociada_orden_tipo, unidad_gestion, descripcion_resumida, ayuda, oculta) VALUES (620, 'Al trabajo:', 12, '', NULL, NULL, NULL, NULL, '0', 'Al trabajo:', NULL, 'N');
INSERT INTO sge_pregunta (pregunta, nombre, componente_numero, tabla_asociada, tabla_asociada_codigo, tabla_asociada_descripcion, tabla_asociada_orden_campo, tabla_asociada_orden_tipo, unidad_gestion, descripcion_resumida, ayuda, oculta) VALUES (621, 'En viaje/traslado (por trabajo o estudio):', 12, '', NULL, NULL, NULL, NULL, '0', 'En viaje/traslado:', NULL, 'N');
INSERT INTO sge_pregunta (pregunta, nombre, componente_numero, tabla_asociada, tabla_asociada_codigo, tabla_asociada_descripcion, tabla_asociada_orden_campo, tabla_asociada_orden_tipo, unidad_gestion, descripcion_resumida, ayuda, oculta) VALUES (622, 'Al estudio:', 12, '', NULL, NULL, NULL, NULL, '0', 'Al estudio:', NULL, 'N');
INSERT INTO sge_pregunta (pregunta, nombre, componente_numero, tabla_asociada, tabla_asociada_codigo, tabla_asociada_descripcion, tabla_asociada_orden_campo, tabla_asociada_orden_tipo, unidad_gestion, descripcion_resumida, ayuda, oculta) VALUES (623, 'A otras actividades (familiares, sociales, recreativas, etc.):', 12, '', NULL, NULL, NULL, NULL, '0', 'A otras actividades:', NULL, 'N');
INSERT INTO sge_pregunta (pregunta, nombre, componente_numero, tabla_asociada, tabla_asociada_codigo, tabla_asociada_descripcion, tabla_asociada_orden_campo, tabla_asociada_orden_tipo, unidad_gestion, descripcion_resumida, ayuda, oculta) VALUES (624, '¿Cuánto tiempo por día dedicabas a estudiar en la Secundaria?', 3, '', NULL, NULL, NULL, NULL, '0', 'Tiempo de estudio Secundaria:', NULL, 'N');
INSERT INTO sge_pregunta (pregunta, nombre, componente_numero, tabla_asociada, tabla_asociada_codigo, tabla_asociada_descripcion, tabla_asociada_orden_campo, tabla_asociada_orden_tipo, unidad_gestion, descripcion_resumida, ayuda, oculta) VALUES (625, '¿Cuánto tiempo por día creés que vas a necesitar para estudiar la Carrera que elegiste?', 3, '', NULL, NULL, NULL, NULL, '0', 'Tiepo de estudio Carrera:', NULL, 'N');
INSERT INTO sge_pregunta (pregunta, nombre, componente_numero, tabla_asociada, tabla_asociada_codigo, tabla_asociada_descripcion, tabla_asociada_orden_campo, tabla_asociada_orden_tipo, unidad_gestion, descripcion_resumida, ayuda, oculta) VALUES (626, 'Disponibilidad de computadora:', 4, '', NULL, NULL, NULL, NULL, '0', 'Disponibilidad de computadora:', NULL, 'N');
INSERT INTO sge_pregunta (pregunta, nombre, componente_numero, tabla_asociada, tabla_asociada_codigo, tabla_asociada_descripcion, tabla_asociada_orden_campo, tabla_asociada_orden_tipo, unidad_gestion, descripcion_resumida, ayuda, oculta) VALUES (627, 'Acceso a Internet:', 4, '', NULL, NULL, NULL, NULL, '0', 'Acceso a Internet:', NULL, 'N');
INSERT INTO sge_pregunta (pregunta, nombre, componente_numero, tabla_asociada, tabla_asociada_codigo, tabla_asociada_descripcion, tabla_asociada_orden_campo, tabla_asociada_orden_tipo, unidad_gestion, descripcion_resumida, ayuda, oculta) VALUES (628, '¿Practicás deportes?', 3, '', NULL, NULL, NULL, NULL, '0', '¿Practicás deportes?', NULL, 'N');
INSERT INTO sge_pregunta (pregunta, nombre, componente_numero, tabla_asociada, tabla_asociada_codigo, tabla_asociada_descripcion, tabla_asociada_orden_campo, tabla_asociada_orden_tipo, unidad_gestion, descripcion_resumida, ayuda, oculta) VALUES (629, 'Lugar en el cual realizás tu práctica:', 4, '', NULL, NULL, NULL, NULL, '0', 'Lugar de práctica:', NULL, 'N');
INSERT INTO sge_pregunta (pregunta, nombre, componente_numero, tabla_asociada, tabla_asociada_codigo, tabla_asociada_descripcion, tabla_asociada_orden_campo, tabla_asociada_orden_tipo, unidad_gestion, descripcion_resumida, ayuda, oculta) VALUES (630, '¿Qué deportes practicás?', 4, '', NULL, NULL, NULL, NULL, '0', '¿Qué deportes practicás?', NULL, 'N');
INSERT INTO sge_pregunta (pregunta, nombre, componente_numero, tabla_asociada, tabla_asociada_codigo, tabla_asociada_descripcion, tabla_asociada_orden_campo, tabla_asociada_orden_tipo, unidad_gestion, descripcion_resumida, ayuda, oculta) VALUES (631, 'Inglés', 3, '', NULL, NULL, NULL, NULL, '0', 'Inglés', NULL, 'N');
INSERT INTO sge_pregunta (pregunta, nombre, componente_numero, tabla_asociada, tabla_asociada_codigo, tabla_asociada_descripcion, tabla_asociada_orden_campo, tabla_asociada_orden_tipo, unidad_gestion, descripcion_resumida, ayuda, oculta) VALUES (632, 'Alemán', 3, '', NULL, NULL, NULL, NULL, '0', 'Alemán', NULL, 'N');
INSERT INTO sge_pregunta (pregunta, nombre, componente_numero, tabla_asociada, tabla_asociada_codigo, tabla_asociada_descripcion, tabla_asociada_orden_campo, tabla_asociada_orden_tipo, unidad_gestion, descripcion_resumida, ayuda, oculta) VALUES (633, 'Francés', 3, '', NULL, NULL, NULL, NULL, '0', 'Francés', NULL, 'N');
INSERT INTO sge_pregunta (pregunta, nombre, componente_numero, tabla_asociada, tabla_asociada_codigo, tabla_asociada_descripcion, tabla_asociada_orden_campo, tabla_asociada_orden_tipo, unidad_gestion, descripcion_resumida, ayuda, oculta) VALUES (634, 'Italiano', 3, '', NULL, NULL, NULL, NULL, '0', 'Italiano', NULL, 'N');
INSERT INTO sge_pregunta (pregunta, nombre, componente_numero, tabla_asociada, tabla_asociada_codigo, tabla_asociada_descripcion, tabla_asociada_orden_campo, tabla_asociada_orden_tipo, unidad_gestion, descripcion_resumida, ayuda, oculta) VALUES (635, 'Portugués', 3, '', NULL, NULL, NULL, NULL, '0', 'Portugués', NULL, 'N');
INSERT INTO sge_pregunta (pregunta, nombre, componente_numero, tabla_asociada, tabla_asociada_codigo, tabla_asociada_descripcion, tabla_asociada_orden_campo, tabla_asociada_orden_tipo, unidad_gestion, descripcion_resumida, ayuda, oculta) VALUES (636, 'Indicar:', 1, '', NULL, NULL, NULL, NULL, '0', 'Indicar:', NULL, 'N');
INSERT INTO sge_pregunta (pregunta, nombre, componente_numero, tabla_asociada, tabla_asociada_codigo, tabla_asociada_descripcion, tabla_asociada_orden_campo, tabla_asociada_orden_tipo, unidad_gestion, descripcion_resumida, ayuda, oculta) VALUES (637, 'Indicar:', 1, '', NULL, NULL, NULL, NULL, '0', 'Indicar:', NULL, 'N');
INSERT INTO sge_pregunta (pregunta, nombre, componente_numero, tabla_asociada, tabla_asociada_codigo, tabla_asociada_descripcion, tabla_asociada_orden_campo, tabla_asociada_orden_tipo, unidad_gestion, descripcion_resumida, ayuda, oculta) VALUES (638, 'Indicar:', 1, '', NULL, NULL, NULL, NULL, '0', 'Indicar:', NULL, 'N');
INSERT INTO sge_pregunta (pregunta, nombre, componente_numero, tabla_asociada, tabla_asociada_codigo, tabla_asociada_descripcion, tabla_asociada_orden_campo, tabla_asociada_orden_tipo, unidad_gestion, descripcion_resumida, ayuda, oculta) VALUES (639, 'Indicar:', 1, '', NULL, NULL, NULL, NULL, '0', 'Indicar:', NULL, 'N');
INSERT INTO sge_pregunta (pregunta, nombre, componente_numero, tabla_asociada, tabla_asociada_codigo, tabla_asociada_descripcion, tabla_asociada_orden_campo, tabla_asociada_orden_tipo, unidad_gestion, descripcion_resumida, ayuda, oculta) VALUES (640, 'Datos correspondientes a Madre', 7, '', NULL, NULL, NULL, NULL, '0', 'Datos correspondientes a Madre', NULL, 'N');
INSERT INTO sge_pregunta (pregunta, nombre, componente_numero, tabla_asociada, tabla_asociada_codigo, tabla_asociada_descripcion, tabla_asociada_orden_campo, tabla_asociada_orden_tipo, unidad_gestion, descripcion_resumida, ayuda, oculta) VALUES (641, 'Datos correspondientes a Padre', 7, '', NULL, NULL, NULL, NULL, '0', 'Datos correspondientes a Padre', NULL, 'N');
INSERT INTO sge_pregunta (pregunta, nombre, componente_numero, tabla_asociada, tabla_asociada_codigo, tabla_asociada_descripcion, tabla_asociada_orden_campo, tabla_asociada_orden_tipo, unidad_gestion, descripcion_resumida, ayuda, oculta) VALUES (642, 'Datos correspondientes a Madre', 7, '', NULL, NULL, NULL, NULL, '0', 'Datos correspondientes a Madre', NULL, 'N');
INSERT INTO sge_pregunta (pregunta, nombre, componente_numero, tabla_asociada, tabla_asociada_codigo, tabla_asociada_descripcion, tabla_asociada_orden_campo, tabla_asociada_orden_tipo, unidad_gestion, descripcion_resumida, ayuda, oculta) VALUES (643, 'Datos correspondientes a Padre', 7, '', NULL, NULL, NULL, NULL, '0', 'Datos correspondientes a Padre', NULL, 'N');
INSERT INTO sge_pregunta (pregunta, nombre, componente_numero, tabla_asociada, tabla_asociada_codigo, tabla_asociada_descripcion, tabla_asociada_orden_campo, tabla_asociada_orden_tipo, unidad_gestion, descripcion_resumida, ayuda, oculta) VALUES (644, 'En caso de haber seleccionado "Otra fuente de ingreso" indicar:', 1, '', NULL, NULL, NULL, NULL, '0', 'Indicar:', NULL, 'N');

--
-- Asociación de Preguntas Compuestas
--

INSERT INTO sge_pregunta_cascada(pregunta_disparadora, pregunta_receptora) VALUES (503, 504);
INSERT INTO sge_pregunta_cascada(pregunta_disparadora, pregunta_receptora) VALUES (505, 506);
INSERT INTO sge_pregunta_cascada(pregunta_disparadora, pregunta_receptora) VALUES (569, 570);
INSERT INTO sge_pregunta_cascada(pregunta_disparadora, pregunta_receptora) VALUES (554, 555);
INSERT INTO sge_pregunta_cascada(pregunta_disparadora, pregunta_receptora) VALUES (583, 584);


--
-- Definición de la Encuesta
--

INSERT INTO sge_encuesta_definicion (encuesta_definicion, encuesta, bloque, pregunta, orden, obligatoria) VALUES (947, 12, 428, 500, 1, 'S');
INSERT INTO sge_encuesta_definicion (encuesta_definicion, encuesta, bloque, pregunta, orden, obligatoria) VALUES (948, 12, 428, 501, 2, 'S');
INSERT INTO sge_encuesta_definicion (encuesta_definicion, encuesta, bloque, pregunta, orden, obligatoria) VALUES (949, 12, 428, 502, 3, 'S');
INSERT INTO sge_encuesta_definicion (encuesta_definicion, encuesta, bloque, pregunta, orden, obligatoria) VALUES (1100, 12, 428, 712, 4, 'N');
INSERT INTO sge_encuesta_definicion (encuesta_definicion, encuesta, bloque, pregunta, orden, obligatoria) VALUES (950, 12, 428, 503, 5, 'S');
INSERT INTO sge_encuesta_definicion (encuesta_definicion, encuesta, bloque, pregunta, orden, obligatoria) VALUES (951, 12, 428, 504, 6, 'N');
INSERT INTO sge_encuesta_definicion (encuesta_definicion, encuesta, bloque, pregunta, orden, obligatoria) VALUES (952, 12, 428, 505, 7, 'S');
INSERT INTO sge_encuesta_definicion (encuesta_definicion, encuesta, bloque, pregunta, orden, obligatoria) VALUES (953, 12, 428, 506, 8, 'N');
INSERT INTO sge_encuesta_definicion (encuesta_definicion, encuesta, bloque, pregunta, orden, obligatoria) VALUES (954, 12, 428, 507, 9, 'S');
INSERT INTO sge_encuesta_definicion (encuesta_definicion, encuesta, bloque, pregunta, orden, obligatoria) VALUES (955, 12, 428, 508, 10, 'S');
INSERT INTO sge_encuesta_definicion (encuesta_definicion, encuesta, bloque, pregunta, orden, obligatoria) VALUES (956, 12, 428, 509, 11, 'S');
INSERT INTO sge_encuesta_definicion (encuesta_definicion, encuesta, bloque, pregunta, orden, obligatoria) VALUES (957, 12, 428, 510, 12, 'N');
INSERT INTO sge_encuesta_definicion (encuesta_definicion, encuesta, bloque, pregunta, orden, obligatoria) VALUES (958, 12, 428, 511, 13, 'S');
INSERT INTO sge_encuesta_definicion (encuesta_definicion, encuesta, bloque, pregunta, orden, obligatoria) VALUES (959, 12, 428, 512, 14, 'S');
INSERT INTO sge_encuesta_definicion (encuesta_definicion, encuesta, bloque, pregunta, orden, obligatoria) VALUES (960, 12, 428, 513, 15, 'S');

INSERT INTO sge_encuesta_definicion (encuesta_definicion, encuesta, bloque, pregunta, orden, obligatoria) VALUES (961, 12, 429, 514, 1, 'N');
INSERT INTO sge_encuesta_definicion (encuesta_definicion, encuesta, bloque, pregunta, orden, obligatoria) VALUES (962, 12, 429, 515, 2, 'N');
INSERT INTO sge_encuesta_definicion (encuesta_definicion, encuesta, bloque, pregunta, orden, obligatoria) VALUES (963, 12, 429, 516, 3, 'N');
INSERT INTO sge_encuesta_definicion (encuesta_definicion, encuesta, bloque, pregunta, orden, obligatoria) VALUES (964, 12, 429, 517, 4, 'N');
INSERT INTO sge_encuesta_definicion (encuesta_definicion, encuesta, bloque, pregunta, orden, obligatoria) VALUES (965, 12, 429, 518, 5, 'N');
INSERT INTO sge_encuesta_definicion (encuesta_definicion, encuesta, bloque, pregunta, orden, obligatoria) VALUES (966, 12, 429, 519, 6, 'N');
INSERT INTO sge_encuesta_definicion (encuesta_definicion, encuesta, bloque, pregunta, orden, obligatoria) VALUES (967, 12, 429, 520, 7, 'N');
INSERT INTO sge_encuesta_definicion (encuesta_definicion, encuesta, bloque, pregunta, orden, obligatoria) VALUES (968, 12, 430, 525, 1, 'N');
INSERT INTO sge_encuesta_definicion (encuesta_definicion, encuesta, bloque, pregunta, orden, obligatoria) VALUES (969, 12, 430, 526, 2, 'N');
INSERT INTO sge_encuesta_definicion (encuesta_definicion, encuesta, bloque, pregunta, orden, obligatoria) VALUES (970, 12, 430, 527, 3, 'N');
INSERT INTO sge_encuesta_definicion (encuesta_definicion, encuesta, bloque, pregunta, orden, obligatoria) VALUES (971, 12, 430, 528, 4, 'N');
INSERT INTO sge_encuesta_definicion (encuesta_definicion, encuesta, bloque, pregunta, orden, obligatoria) VALUES (972, 12, 430, 524, 5, 'N');
INSERT INTO sge_encuesta_definicion (encuesta_definicion, encuesta, bloque, pregunta, orden, obligatoria) VALUES (973, 12, 430, 530, 6, 'N');
INSERT INTO sge_encuesta_definicion (encuesta_definicion, encuesta, bloque, pregunta, orden, obligatoria) VALUES (974, 12, 430, 526, 7, 'S');
INSERT INTO sge_encuesta_definicion (encuesta_definicion, encuesta, bloque, pregunta, orden, obligatoria) VALUES (975, 12, 430, 527, 8, 'S');
INSERT INTO sge_encuesta_definicion (encuesta_definicion, encuesta, bloque, pregunta, orden, obligatoria) VALUES (976, 12, 430, 528, 9, 'S');
INSERT INTO sge_encuesta_definicion (encuesta_definicion, encuesta, bloque, pregunta, orden, obligatoria) VALUES (977, 12, 430, 529, 10, 'S');
INSERT INTO sge_encuesta_definicion (encuesta_definicion, encuesta, bloque, pregunta, orden, obligatoria) VALUES (978, 12, 430, 523, 11, 'N');
INSERT INTO sge_encuesta_definicion (encuesta_definicion, encuesta, bloque, pregunta, orden, obligatoria) VALUES (979, 12, 430, 531, 12, 'S');
INSERT INTO sge_encuesta_definicion (encuesta_definicion, encuesta, bloque, pregunta, orden, obligatoria) VALUES (980, 12, 430, 532, 13, 'N');
INSERT INTO sge_encuesta_definicion (encuesta_definicion, encuesta, bloque, pregunta, orden, obligatoria) VALUES (981, 12, 430, 533, 14, 'S');
INSERT INTO sge_encuesta_definicion (encuesta_definicion, encuesta, bloque, pregunta, orden, obligatoria) VALUES (982, 12, 430, 534, 15, 'S');
INSERT INTO sge_encuesta_definicion (encuesta_definicion, encuesta, bloque, pregunta, orden, obligatoria) VALUES (983, 12, 430, 535, 16, 'S');
INSERT INTO sge_encuesta_definicion (encuesta_definicion, encuesta, bloque, pregunta, orden, obligatoria) VALUES (984, 12, 430, 536, 17, 'N');
INSERT INTO sge_encuesta_definicion (encuesta_definicion, encuesta, bloque, pregunta, orden, obligatoria) VALUES (985, 12, 430, 537, 18, 'N');
INSERT INTO sge_encuesta_definicion (encuesta_definicion, encuesta, bloque, pregunta, orden, obligatoria) VALUES (986, 12, 431, 538, 1, 'N');
INSERT INTO sge_encuesta_definicion (encuesta_definicion, encuesta, bloque, pregunta, orden, obligatoria) VALUES (987, 12, 431, 539, 2, 'N');
INSERT INTO sge_encuesta_definicion (encuesta_definicion, encuesta, bloque, pregunta, orden, obligatoria) VALUES (988, 12, 431, 540, 3, 'N');
INSERT INTO sge_encuesta_definicion (encuesta_definicion, encuesta, bloque, pregunta, orden, obligatoria) VALUES (989, 12, 431, 541, 4, 'N');
INSERT INTO sge_encuesta_definicion (encuesta_definicion, encuesta, bloque, pregunta, orden, obligatoria) VALUES (990, 12, 431, 542, 5, 'N');
INSERT INTO sge_encuesta_definicion (encuesta_definicion, encuesta, bloque, pregunta, orden, obligatoria) VALUES (991, 12, 431, 543, 7, 'N');
INSERT INTO sge_encuesta_definicion (encuesta_definicion, encuesta, bloque, pregunta, orden, obligatoria) VALUES (992, 12, 431, 544, 8, 'N');
INSERT INTO sge_encuesta_definicion (encuesta_definicion, encuesta, bloque, pregunta, orden, obligatoria) VALUES (993, 12, 431, 545, 9, 'N');
INSERT INTO sge_encuesta_definicion (encuesta_definicion, encuesta, bloque, pregunta, orden, obligatoria) VALUES (994, 12, 431, 546, 10, 'N');
INSERT INTO sge_encuesta_definicion (encuesta_definicion, encuesta, bloque, pregunta, orden, obligatoria) VALUES (995, 12, 431, 636, 6, 'N');
INSERT INTO sge_encuesta_definicion (encuesta_definicion, encuesta, bloque, pregunta, orden, obligatoria) VALUES (996, 12, 431, 637, 11, 'N');
INSERT INTO sge_encuesta_definicion (encuesta_definicion, encuesta, bloque, pregunta, orden, obligatoria) VALUES (997, 12, 432, 547, 1, 'S');
INSERT INTO sge_encuesta_definicion (encuesta_definicion, encuesta, bloque, pregunta, orden, obligatoria) VALUES (998, 12, 432, 548, 2, 'N');
INSERT INTO sge_encuesta_definicion (encuesta_definicion, encuesta, bloque, pregunta, orden, obligatoria) VALUES (999, 12, 432, 549, 3, 'S');
INSERT INTO sge_encuesta_definicion (encuesta_definicion, encuesta, bloque, pregunta, orden, obligatoria) VALUES (1000, 12, 432, 550, 4, 'S');
INSERT INTO sge_encuesta_definicion (encuesta_definicion, encuesta, bloque, pregunta, orden, obligatoria) VALUES (1001, 12, 433, 551, 1, 'S');
INSERT INTO sge_encuesta_definicion (encuesta_definicion, encuesta, bloque, pregunta, orden, obligatoria) VALUES (1002, 12, 433, 556, 2, 'N');
INSERT INTO sge_encuesta_definicion (encuesta_definicion, encuesta, bloque, pregunta, orden, obligatoria) VALUES (1003, 12, 433, 640, 3, 'N');
INSERT INTO sge_encuesta_definicion (encuesta_definicion, encuesta, bloque, pregunta, orden, obligatoria) VALUES (1004, 12, 433, 558, 5, 'S');
INSERT INTO sge_encuesta_definicion (encuesta_definicion, encuesta, bloque, pregunta, orden, obligatoria) VALUES (1005, 12, 433, 559, 6, 'S');
INSERT INTO sge_encuesta_definicion (encuesta_definicion, encuesta, bloque, pregunta, orden, obligatoria) VALUES (1006, 12, 433, 560, 7, 'N');
INSERT INTO sge_encuesta_definicion (encuesta_definicion, encuesta, bloque, pregunta, orden, obligatoria) VALUES (1007, 12, 433, 561, 8, 'N');
INSERT INTO sge_encuesta_definicion (encuesta_definicion, encuesta, bloque, pregunta, orden, obligatoria) VALUES (1008, 12, 433, 641, 9, 'N');
INSERT INTO sge_encuesta_definicion (encuesta_definicion, encuesta, bloque, pregunta, orden, obligatoria) VALUES (1009, 12, 433, 642, 10, 'N');
INSERT INTO sge_encuesta_definicion (encuesta_definicion, encuesta, bloque, pregunta, orden, obligatoria) VALUES (1010, 12, 433, 558, 12, 'S');
INSERT INTO sge_encuesta_definicion (encuesta_definicion, encuesta, bloque, pregunta, orden, obligatoria) VALUES (1011, 12, 433, 559, 13, 'S');
INSERT INTO sge_encuesta_definicion (encuesta_definicion, encuesta, bloque, pregunta, orden, obligatoria) VALUES (1012, 12, 433, 560, 14, 'N');
INSERT INTO sge_encuesta_definicion (encuesta_definicion, encuesta, bloque, pregunta, orden, obligatoria) VALUES (1013, 12, 433, 561, 15, 'N');
INSERT INTO sge_encuesta_definicion (encuesta_definicion, encuesta, bloque, pregunta, orden, obligatoria) VALUES (1014, 12, 434, 562, 1, 'S');
INSERT INTO sge_encuesta_definicion (encuesta_definicion, encuesta, bloque, pregunta, orden, obligatoria) VALUES (1015, 12, 434, 563, 2, 'N');
INSERT INTO sge_encuesta_definicion (encuesta_definicion, encuesta, bloque, pregunta, orden, obligatoria) VALUES (1016, 12, 434, 564, 3, 'S');
INSERT INTO sge_encuesta_definicion (encuesta_definicion, encuesta, bloque, pregunta, orden, obligatoria) VALUES (1017, 12, 434, 565, 4, 'S');
INSERT INTO sge_encuesta_definicion (encuesta_definicion, encuesta, bloque, pregunta, orden, obligatoria) VALUES (1018, 12, 434, 566, 5, 'N');
INSERT INTO sge_encuesta_definicion (encuesta_definicion, encuesta, bloque, pregunta, orden, obligatoria) VALUES (1019, 12, 434, 567, 6, 'N');
INSERT INTO sge_encuesta_definicion (encuesta_definicion, encuesta, bloque, pregunta, orden, obligatoria) VALUES (1020, 12, 434, 568, 7, 'N');
INSERT INTO sge_encuesta_definicion (encuesta_definicion, encuesta, bloque, pregunta, orden, obligatoria) VALUES (1021, 12, 434, 569, 8, 'N');
INSERT INTO sge_encuesta_definicion (encuesta_definicion, encuesta, bloque, pregunta, orden, obligatoria) VALUES (1022, 12, 434, 570, 9, 'N');
INSERT INTO sge_encuesta_definicion (encuesta_definicion, encuesta, bloque, pregunta, orden, obligatoria) VALUES (1023, 12, 434, 571, 10, 'N');
INSERT INTO sge_encuesta_definicion (encuesta_definicion, encuesta, bloque, pregunta, orden, obligatoria) VALUES (1024, 12, 434, 572, 11, 'N');
INSERT INTO sge_encuesta_definicion (encuesta_definicion, encuesta, bloque, pregunta, orden, obligatoria) VALUES (1025, 12, 434, 573, 12, 'N');
INSERT INTO sge_encuesta_definicion (encuesta_definicion, encuesta, bloque, pregunta, orden, obligatoria) VALUES (1026, 12, 435, 574, 1, 'N');
INSERT INTO sge_encuesta_definicion (encuesta_definicion, encuesta, bloque, pregunta, orden, obligatoria) VALUES (1027, 12, 435, 564, 2, 'S');
INSERT INTO sge_encuesta_definicion (encuesta_definicion, encuesta, bloque, pregunta, orden, obligatoria) VALUES (1028, 12, 435, 565, 3, 'S');
INSERT INTO sge_encuesta_definicion (encuesta_definicion, encuesta, bloque, pregunta, orden, obligatoria) VALUES (1029, 12, 435, 566, 4, 'N');
INSERT INTO sge_encuesta_definicion (encuesta_definicion, encuesta, bloque, pregunta, orden, obligatoria) VALUES (1030, 12, 435, 567, 5, 'N');
INSERT INTO sge_encuesta_definicion (encuesta_definicion, encuesta, bloque, pregunta, orden, obligatoria) VALUES (1031, 12, 435, 568, 6, 'N');
INSERT INTO sge_encuesta_definicion (encuesta_definicion, encuesta, bloque, pregunta, orden, obligatoria) VALUES (1032, 12, 435, 554, 7, 'S');
INSERT INTO sge_encuesta_definicion (encuesta_definicion, encuesta, bloque, pregunta, orden, obligatoria) VALUES (1033, 12, 435, 555, 8, 'N');
INSERT INTO sge_encuesta_definicion (encuesta_definicion, encuesta, bloque, pregunta, orden, obligatoria) VALUES (1034, 12, 435, 575, 9, 'N');
INSERT INTO sge_encuesta_definicion (encuesta_definicion, encuesta, bloque, pregunta, orden, obligatoria) VALUES (1035, 12, 436, 576, 1, 'N');
INSERT INTO sge_encuesta_definicion (encuesta_definicion, encuesta, bloque, pregunta, orden, obligatoria) VALUES (1036, 12, 436, 577, 2, 'S');
INSERT INTO sge_encuesta_definicion (encuesta_definicion, encuesta, bloque, pregunta, orden, obligatoria) VALUES (1037, 12, 436, 578, 3, 'S');
INSERT INTO sge_encuesta_definicion (encuesta_definicion, encuesta, bloque, pregunta, orden, obligatoria) VALUES (1038, 12, 436, 579, 4, 'S');
INSERT INTO sge_encuesta_definicion (encuesta_definicion, encuesta, bloque, pregunta, orden, obligatoria) VALUES (1039, 12, 436, 580, 5, 'N');
INSERT INTO sge_encuesta_definicion (encuesta_definicion, encuesta, bloque, pregunta, orden, obligatoria) VALUES (1040, 12, 436, 581, 6, 'N');
INSERT INTO sge_encuesta_definicion (encuesta_definicion, encuesta, bloque, pregunta, orden, obligatoria) VALUES (1041, 12, 436, 582, 7, 'N');
INSERT INTO sge_encuesta_definicion (encuesta_definicion, encuesta, bloque, pregunta, orden, obligatoria) VALUES (1042, 12, 436, 583, 8, 'S');
INSERT INTO sge_encuesta_definicion (encuesta_definicion, encuesta, bloque, pregunta, orden, obligatoria) VALUES (1043, 12, 436, 584, 9, 'N');
INSERT INTO sge_encuesta_definicion (encuesta_definicion, encuesta, bloque, pregunta, orden, obligatoria) VALUES (1044, 12, 436, 585, 10, 'N');
INSERT INTO sge_encuesta_definicion (encuesta_definicion, encuesta, bloque, pregunta, orden, obligatoria) VALUES (1045, 12, 437, 586, 1, 'N');
INSERT INTO sge_encuesta_definicion (encuesta_definicion, encuesta, bloque, pregunta, orden, obligatoria) VALUES (1046, 12, 437, 587, 2, 'S');
INSERT INTO sge_encuesta_definicion (encuesta_definicion, encuesta, bloque, pregunta, orden, obligatoria) VALUES (1047, 12, 437, 588, 3, 'N');
INSERT INTO sge_encuesta_definicion (encuesta_definicion, encuesta, bloque, pregunta, orden, obligatoria) VALUES (1048, 12, 437, 589, 4, 'N');
INSERT INTO sge_encuesta_definicion (encuesta_definicion, encuesta, bloque, pregunta, orden, obligatoria) VALUES (1049, 12, 437, 590, 5, 'N');
INSERT INTO sge_encuesta_definicion (encuesta_definicion, encuesta, bloque, pregunta, orden, obligatoria) VALUES (1050, 12, 437, 591, 6, 'N');
INSERT INTO sge_encuesta_definicion (encuesta_definicion, encuesta, bloque, pregunta, orden, obligatoria) VALUES (1051, 12, 437, 592, 7, 'N');
INSERT INTO sge_encuesta_definicion (encuesta_definicion, encuesta, bloque, pregunta, orden, obligatoria) VALUES (1052, 12, 437, 593, 8, 'N');
INSERT INTO sge_encuesta_definicion (encuesta_definicion, encuesta, bloque, pregunta, orden, obligatoria) VALUES (1053, 12, 437, 594, 9, 'N');
INSERT INTO sge_encuesta_definicion (encuesta_definicion, encuesta, bloque, pregunta, orden, obligatoria) VALUES (1054, 12, 437, 638, 10, 'N');
INSERT INTO sge_encuesta_definicion (encuesta_definicion, encuesta, bloque, pregunta, orden, obligatoria) VALUES (1055, 12, 437, 595, 11, 'N');
INSERT INTO sge_encuesta_definicion (encuesta_definicion, encuesta, bloque, pregunta, orden, obligatoria) VALUES (1056, 12, 437, 639, 12, 'N');
INSERT INTO sge_encuesta_definicion (encuesta_definicion, encuesta, bloque, pregunta, orden, obligatoria) VALUES (1057, 12, 438, 596, 1, 'N');
INSERT INTO sge_encuesta_definicion (encuesta_definicion, encuesta, bloque, pregunta, orden, obligatoria) VALUES (1058, 12, 438, 644, 2, 'N');
INSERT INTO sge_encuesta_definicion (encuesta_definicion, encuesta, bloque, pregunta, orden, obligatoria) VALUES (1059, 12, 438, 597, 3, 'N');
INSERT INTO sge_encuesta_definicion (encuesta_definicion, encuesta, bloque, pregunta, orden, obligatoria) VALUES (1060, 12, 438, 598, 4, 'N');
INSERT INTO sge_encuesta_definicion (encuesta_definicion, encuesta, bloque, pregunta, orden, obligatoria) VALUES (1061, 12, 439, 599, 1, 'N');
INSERT INTO sge_encuesta_definicion (encuesta_definicion, encuesta, bloque, pregunta, orden, obligatoria) VALUES (1062, 12, 439, 600, 2, 'N');
INSERT INTO sge_encuesta_definicion (encuesta_definicion, encuesta, bloque, pregunta, orden, obligatoria) VALUES (1063, 12, 439, 601, 3, 'N');
INSERT INTO sge_encuesta_definicion (encuesta_definicion, encuesta, bloque, pregunta, orden, obligatoria) VALUES (1064, 12, 439, 602, 4, 'N');
INSERT INTO sge_encuesta_definicion (encuesta_definicion, encuesta, bloque, pregunta, orden, obligatoria) VALUES (1065, 12, 439, 603, 5, 'N');
INSERT INTO sge_encuesta_definicion (encuesta_definicion, encuesta, bloque, pregunta, orden, obligatoria) VALUES (1066, 12, 439, 604, 6, 'N');
INSERT INTO sge_encuesta_definicion (encuesta_definicion, encuesta, bloque, pregunta, orden, obligatoria) VALUES (1067, 12, 439, 605, 7, 'N');
INSERT INTO sge_encuesta_definicion (encuesta_definicion, encuesta, bloque, pregunta, orden, obligatoria) VALUES (1068, 12, 439, 606, 8, 'N');
INSERT INTO sge_encuesta_definicion (encuesta_definicion, encuesta, bloque, pregunta, orden, obligatoria) VALUES (1069, 12, 439, 607, 9, 'N');
INSERT INTO sge_encuesta_definicion (encuesta_definicion, encuesta, bloque, pregunta, orden, obligatoria) VALUES (1070, 12, 440, 608, 1, 'N');
INSERT INTO sge_encuesta_definicion (encuesta_definicion, encuesta, bloque, pregunta, orden, obligatoria) VALUES (1071, 12, 440, 609, 2, 'N');
INSERT INTO sge_encuesta_definicion (encuesta_definicion, encuesta, bloque, pregunta, orden, obligatoria) VALUES (1076, 12, 440, 614, 7, 'N');
INSERT INTO sge_encuesta_definicion (encuesta_definicion, encuesta, bloque, pregunta, orden, obligatoria) VALUES (1077, 12, 441, 615, 1, 'S');
INSERT INTO sge_encuesta_definicion (encuesta_definicion, encuesta, bloque, pregunta, orden, obligatoria) VALUES (1078, 12, 441, 616, 2, 'N');
INSERT INTO sge_encuesta_definicion (encuesta_definicion, encuesta, bloque, pregunta, orden, obligatoria) VALUES (1079, 12, 441, 617, 3, 'N');
INSERT INTO sge_encuesta_definicion (encuesta_definicion, encuesta, bloque, pregunta, orden, obligatoria) VALUES (1080, 12, 442, 618, 1, 'N');
INSERT INTO sge_encuesta_definicion (encuesta_definicion, encuesta, bloque, pregunta, orden, obligatoria) VALUES (1081, 12, 442, 619, 2, 'N');
INSERT INTO sge_encuesta_definicion (encuesta_definicion, encuesta, bloque, pregunta, orden, obligatoria) VALUES (1082, 12, 442, 624, 7, 'N');
INSERT INTO sge_encuesta_definicion (encuesta_definicion, encuesta, bloque, pregunta, orden, obligatoria) VALUES (1083, 12, 442, 625, 8, 'N');
INSERT INTO sge_encuesta_definicion (encuesta_definicion, encuesta, bloque, pregunta, orden, obligatoria) VALUES (1084, 12, 442, 626, 9, 'N');
INSERT INTO sge_encuesta_definicion (encuesta_definicion, encuesta, bloque, pregunta, orden, obligatoria) VALUES (1085, 12, 442, 627, 10, 'N');
INSERT INTO sge_encuesta_definicion (encuesta_definicion, encuesta, bloque, pregunta, orden, obligatoria) VALUES (1086, 12, 442, 628, 11, 'N');
INSERT INTO sge_encuesta_definicion (encuesta_definicion, encuesta, bloque, pregunta, orden, obligatoria) VALUES (1087, 12, 442, 629, 12, 'N');
INSERT INTO sge_encuesta_definicion (encuesta_definicion, encuesta, bloque, pregunta, orden, obligatoria) VALUES (1088, 12, 442, 630, 13, 'N');
INSERT INTO sge_encuesta_definicion (encuesta_definicion, encuesta, bloque, pregunta, orden, obligatoria) VALUES (1089, 12, 443, 631, 1, 'N');
INSERT INTO sge_encuesta_definicion (encuesta_definicion, encuesta, bloque, pregunta, orden, obligatoria) VALUES (1090, 12, 443, 632, 2, 'N');
INSERT INTO sge_encuesta_definicion (encuesta_definicion, encuesta, bloque, pregunta, orden, obligatoria) VALUES (1091, 12, 443, 633, 3, 'N');
INSERT INTO sge_encuesta_definicion (encuesta_definicion, encuesta, bloque, pregunta, orden, obligatoria) VALUES (1092, 12, 443, 634, 4, 'N');
INSERT INTO sge_encuesta_definicion (encuesta_definicion, encuesta, bloque, pregunta, orden, obligatoria) VALUES (1093, 12, 443, 635, 5, 'N');
INSERT INTO sge_encuesta_definicion (encuesta_definicion, encuesta, bloque, pregunta, orden, obligatoria) VALUES (1094, 12, 433, 557, 4, 'N');
INSERT INTO sge_encuesta_definicion (encuesta_definicion, encuesta, bloque, pregunta, orden, obligatoria) VALUES (1095, 12, 433, 643, 11, 'N');

INSERT INTO sge_encuesta_definicion (encuesta_definicion, encuesta, bloque, pregunta, orden, obligatoria) VALUES (1096, 12, 442, 620, 3, 'N');
INSERT INTO sge_encuesta_definicion (encuesta_definicion, encuesta, bloque, pregunta, orden, obligatoria) VALUES (1097, 12, 442, 621, 4, 'N');
INSERT INTO sge_encuesta_definicion (encuesta_definicion, encuesta, bloque, pregunta, orden, obligatoria) VALUES (1098, 12, 442, 622, 5, 'N');
INSERT INTO sge_encuesta_definicion (encuesta_definicion, encuesta, bloque, pregunta, orden, obligatoria) VALUES (1099, 12, 442, 623, 6, 'N');

--
-- Creación de Respuestas
--

INSERT INTO sge_respuesta (respuesta, valor_tabulado, unidad_gestion) VALUES (501, 'Femenino', '0');
INSERT INTO sge_respuesta (respuesta, valor_tabulado, unidad_gestion) VALUES (502, 'Masculino', '0');
INSERT INTO sge_respuesta (respuesta, valor_tabulado, unidad_gestion) VALUES (503, 'Documento Nacional de Identidad', '0');
INSERT INTO sge_respuesta (respuesta, valor_tabulado, unidad_gestion) VALUES (504, 'Cédula de Identidad', '0');
INSERT INTO sge_respuesta (respuesta, valor_tabulado, unidad_gestion) VALUES (505, 'Libreta de Enrolamiento', '0');
INSERT INTO sge_respuesta (respuesta, valor_tabulado, unidad_gestion) VALUES (506, 'Libreta Cívica', '0');
INSERT INTO sge_respuesta (respuesta, valor_tabulado, unidad_gestion) VALUES (507, 'Pasaporte', '0');
INSERT INTO sge_respuesta (respuesta, valor_tabulado, unidad_gestion) VALUES (508, 'Argentino', '0');
INSERT INTO sge_respuesta (respuesta, valor_tabulado, unidad_gestion) VALUES (509, 'Extranjero', '0');
INSERT INTO sge_respuesta (respuesta, valor_tabulado, unidad_gestion) VALUES (510, 'Naturalizado', '0');
INSERT INTO sge_respuesta (respuesta, valor_tabulado, unidad_gestion) VALUES (511, 'Por opción', '0');
INSERT INTO sge_respuesta (respuesta, valor_tabulado, unidad_gestion) VALUES (512, 'Temporal', '0');
INSERT INTO sge_respuesta (respuesta, valor_tabulado, unidad_gestion) VALUES (513, 'Permanente', '0');
INSERT INTO sge_respuesta (respuesta, valor_tabulado, unidad_gestion) VALUES (514, 'Sin residencia', '0');
INSERT INTO sge_respuesta (respuesta, valor_tabulado, unidad_gestion) VALUES (515, 'Precaria', '0');
INSERT INTO sge_respuesta (respuesta, valor_tabulado, unidad_gestion) VALUES (516, 'Temporal', '0');
INSERT INTO sge_respuesta (respuesta, valor_tabulado, unidad_gestion) VALUES (517, 'Definitiva', '0');
INSERT INTO sge_respuesta (respuesta, valor_tabulado, unidad_gestion) VALUES (518, 'Sí', '0');
INSERT INTO sge_respuesta (respuesta, valor_tabulado, unidad_gestion) VALUES (519, 'No', '0');
INSERT INTO sge_respuesta (respuesta, valor_tabulado, unidad_gestion) VALUES (520, 'Ciencias Naturales', '0');
INSERT INTO sge_respuesta (respuesta, valor_tabulado, unidad_gestion) VALUES (521, 'Ciencias Exactas', '0');
INSERT INTO sge_respuesta (respuesta, valor_tabulado, unidad_gestion) VALUES (522, 'Comunicación, Arte y Diseño', '0');
INSERT INTO sge_respuesta (respuesta, valor_tabulado, unidad_gestion) VALUES (523, 'Humanidades y Ciencias Sociales', '0');
INSERT INTO sge_respuesta (respuesta, valor_tabulado, unidad_gestion) VALUES (524, 'Económicas y gestión de las instituciones', '0');
INSERT INTO sge_respuesta (respuesta, valor_tabulado, unidad_gestion) VALUES (525, 'Bachiller sin orientación', '0');
INSERT INTO sge_respuesta (respuesta, valor_tabulado, unidad_gestion) VALUES (526, 'Formación Técnica', '0');
INSERT INTO sge_respuesta (respuesta, valor_tabulado, unidad_gestion) VALUES (527, 'Otro', '0');
INSERT INTO sge_respuesta (respuesta, valor_tabulado, unidad_gestion) VALUES (528, 'En el colegio secundario', '0');
INSERT INTO sge_respuesta (respuesta, valor_tabulado, unidad_gestion) VALUES (529, 'En esta Universidad', '0');
INSERT INTO sge_respuesta (respuesta, valor_tabulado, unidad_gestion) VALUES (530, 'En otra institución educativa', '0');
INSERT INTO sge_respuesta (respuesta, valor_tabulado, unidad_gestion) VALUES (531, 'En otra institución pública', '0');
INSERT INTO sge_respuesta (respuesta, valor_tabulado, unidad_gestion) VALUES (532, 'Otros', '0');
INSERT INTO sge_respuesta (respuesta, valor_tabulado, unidad_gestion) VALUES (533, 'Universidad o Instituto Universitario (estatal)', '0');
INSERT INTO sge_respuesta (respuesta, valor_tabulado, unidad_gestion) VALUES (534, 'Universidad o Instituto Universitario (privado autorizado)', '0');
INSERT INTO sge_respuesta (respuesta, valor_tabulado, unidad_gestion) VALUES (535, 'Instituto de Educación Superior estatal', '0');
INSERT INTO sge_respuesta (respuesta, valor_tabulado, unidad_gestion) VALUES (536, 'Instituto de Educación Superior privado', '0');
INSERT INTO sge_respuesta (respuesta, valor_tabulado, unidad_gestion) VALUES (537, 'Finalizada', '0');
INSERT INTO sge_respuesta (respuesta, valor_tabulado, unidad_gestion) VALUES (538, 'Abandonada', '0');
INSERT INTO sge_respuesta (respuesta, valor_tabulado, unidad_gestion) VALUES (539, 'En curso', '0');
INSERT INTO sge_respuesta (respuesta, valor_tabulado, unidad_gestion) VALUES (540, 'Dificultades de adaptación en la institución', '0');
INSERT INTO sge_respuesta (respuesta, valor_tabulado, unidad_gestion) VALUES (541, 'Dificultades de aprendizaje', '0');
INSERT INTO sge_respuesta (respuesta, valor_tabulado, unidad_gestion) VALUES (542, 'La carrera no fue lo deseado', '0');
INSERT INTO sge_respuesta (respuesta, valor_tabulado, unidad_gestion) VALUES (543, 'Por problemas de salud', '0');
INSERT INTO sge_respuesta (respuesta, valor_tabulado, unidad_gestion) VALUES (544, 'Por dificultades económicas', '0');
INSERT INTO sge_respuesta (respuesta, valor_tabulado, unidad_gestion) VALUES (545, 'Por trabajo', '0');
INSERT INTO sge_respuesta (respuesta, valor_tabulado, unidad_gestion) VALUES (546, 'Por situaciones familiares', '0');
INSERT INTO sge_respuesta (respuesta, valor_tabulado, unidad_gestion) VALUES (547, 'Por falta de tiempo', '0');
INSERT INTO sge_respuesta (respuesta, valor_tabulado, unidad_gestion) VALUES (548, 'Otras', '0');
INSERT INTO sge_respuesta (respuesta, valor_tabulado, unidad_gestion) VALUES (549, 'Ciencias Básicas', '0');
INSERT INTO sge_respuesta (respuesta, valor_tabulado, unidad_gestion) VALUES (550, 'Ciencias Aplicadas', '0');
INSERT INTO sge_respuesta (respuesta, valor_tabulado, unidad_gestion) VALUES (551, 'Ciencias Sociales', '0');
INSERT INTO sge_respuesta (respuesta, valor_tabulado, unidad_gestion) VALUES (552, 'Ciencias Humanas', '0');
INSERT INTO sge_respuesta (respuesta, valor_tabulado, unidad_gestion) VALUES (553, 'Ciencias de la Salud', '0');
INSERT INTO sge_respuesta (respuesta, valor_tabulado, unidad_gestion) VALUES (554, 'Ciencias Jurídicas', '0');
INSERT INTO sge_respuesta (respuesta, valor_tabulado, unidad_gestion) VALUES (555, 'Soltero/a', '0');
INSERT INTO sge_respuesta (respuesta, valor_tabulado, unidad_gestion) VALUES (556, 'Casado/a', '0');
INSERT INTO sge_respuesta (respuesta, valor_tabulado, unidad_gestion) VALUES (557, 'Separado/a', '0');
INSERT INTO sge_respuesta (respuesta, valor_tabulado, unidad_gestion) VALUES (558, 'Divorciado/a', '0');
INSERT INTO sge_respuesta (respuesta, valor_tabulado, unidad_gestion) VALUES (559, 'Viudo/a', '0');
INSERT INTO sge_respuesta (respuesta, valor_tabulado, unidad_gestion) VALUES (560, 'Unido/a de hecho', '0');
INSERT INTO sge_respuesta (respuesta, valor_tabulado, unidad_gestion) VALUES (561, 'No tiene', '0');
INSERT INTO sge_respuesta (respuesta, valor_tabulado, unidad_gestion) VALUES (562, 'Uno', '0');
INSERT INTO sge_respuesta (respuesta, valor_tabulado, unidad_gestion) VALUES (563, 'Dos', '0');
INSERT INTO sge_respuesta (respuesta, valor_tabulado, unidad_gestion) VALUES (564, 'Más de dos', '0');
INSERT INTO sge_respuesta (respuesta, valor_tabulado, unidad_gestion) VALUES (565, 'Madre y Padre', '0');
INSERT INTO sge_respuesta (respuesta, valor_tabulado, unidad_gestion) VALUES (566, 'Madre y Madre', '0');
INSERT INTO sge_respuesta (respuesta, valor_tabulado, unidad_gestion) VALUES (567, 'Padre y Padre', '0');
INSERT INTO sge_respuesta (respuesta, valor_tabulado, unidad_gestion) VALUES (568, 'Desconoce', '0');
INSERT INTO sge_respuesta (respuesta, valor_tabulado, unidad_gestion) VALUES (569, 'Estudios primarios incompletos', '0');
INSERT INTO sge_respuesta (respuesta, valor_tabulado, unidad_gestion) VALUES (570, 'Estudios primarios completos', '0');
INSERT INTO sge_respuesta (respuesta, valor_tabulado, unidad_gestion) VALUES (571, 'Estudios secundarios incompletos', '0');
INSERT INTO sge_respuesta (respuesta, valor_tabulado, unidad_gestion) VALUES (572, 'Estudios secundarios completos', '0');
INSERT INTO sge_respuesta (respuesta, valor_tabulado, unidad_gestion) VALUES (573, 'Estudios superiores incompletos', '0');
INSERT INTO sge_respuesta (respuesta, valor_tabulado, unidad_gestion) VALUES (574, 'Estudios superiores completos', '0');
INSERT INTO sge_respuesta (respuesta, valor_tabulado, unidad_gestion) VALUES (575, 'Estudios universitarios incompletos', '0');
INSERT INTO sge_respuesta (respuesta, valor_tabulado, unidad_gestion) VALUES (576, 'Estudios universitarios completos', '0');
INSERT INTO sge_respuesta (respuesta, valor_tabulado, unidad_gestion) VALUES (577, 'Estudios de Postgrado incompletos', '0');
INSERT INTO sge_respuesta (respuesta, valor_tabulado, unidad_gestion) VALUES (578, 'Estudios de Postgrado completos', '0');
INSERT INTO sge_respuesta (respuesta, valor_tabulado, unidad_gestion) VALUES (579, 'No tiene estudios', '0');
INSERT INTO sge_respuesta (respuesta, valor_tabulado, unidad_gestion) VALUES (647, 'Fotocopias', '0');
INSERT INTO sge_respuesta (respuesta, valor_tabulado, unidad_gestion) VALUES (648, 'Vivienda', '0');
INSERT INTO sge_respuesta (respuesta, valor_tabulado, unidad_gestion) VALUES (580, 'Estuvo empleado (al menos una hora o no trabajó por licencia, vacaciones, enfermedad)', '0');
INSERT INTO sge_respuesta (respuesta, valor_tabulado, unidad_gestion) VALUES (581, 'No estuvo empleado y buscó empleo en algún momento de los últimos 30 días', '0');
INSERT INTO sge_respuesta (respuesta, valor_tabulado, unidad_gestion) VALUES (582, 'No estuvo empleado y no buscó empleo (no está pensando en emplearse)', '0');
INSERT INTO sge_respuesta (respuesta, valor_tabulado, unidad_gestion) VALUES (583, 'Es jubilado o pensionado', '0');
INSERT INTO sge_respuesta (respuesta, valor_tabulado, unidad_gestion) VALUES (584, 'Es rentista', '0');
INSERT INTO sge_respuesta (respuesta, valor_tabulado, unidad_gestion) VALUES (585, 'Es estudiante', '0');
INSERT INTO sge_respuesta (respuesta, valor_tabulado, unidad_gestion) VALUES (586, 'Realiza tareas del hogar', '0');
INSERT INTO sge_respuesta (respuesta, valor_tabulado, unidad_gestion) VALUES (588, 'Casa/Departamento propio', '0');
INSERT INTO sge_respuesta (respuesta, valor_tabulado, unidad_gestion) VALUES (589, 'Casa/Departamento alquilado', '0');
INSERT INTO sge_respuesta (respuesta, valor_tabulado, unidad_gestion) VALUES (590, 'Residencia Universitaria', '0');
INSERT INTO sge_respuesta (respuesta, valor_tabulado, unidad_gestion) VALUES (591, 'Pensión', '0');
INSERT INTO sge_respuesta (respuesta, valor_tabulado, unidad_gestion) VALUES (593, 'Solo', '0');
INSERT INTO sge_respuesta (respuesta, valor_tabulado, unidad_gestion) VALUES (594, 'Con familia de origen (padres, hermanos, abuelos)', '0');
INSERT INTO sge_respuesta (respuesta, valor_tabulado, unidad_gestion) VALUES (595, 'Con pareja/hijos', '0');
INSERT INTO sge_respuesta (respuesta, valor_tabulado, unidad_gestion) VALUES (596, 'Con compañeros/amigos', '0');
INSERT INTO sge_respuesta (respuesta, valor_tabulado, unidad_gestion) VALUES (597, 'Padre', '0');
INSERT INTO sge_respuesta (respuesta, valor_tabulado, unidad_gestion) VALUES (598, 'Madre', '0');
INSERT INTO sge_respuesta (respuesta, valor_tabulado, unidad_gestion) VALUES (599, 'Hermano/a', '0');
INSERT INTO sge_respuesta (respuesta, valor_tabulado, unidad_gestion) VALUES (600, 'Hijo/a', '0');
INSERT INTO sge_respuesta (respuesta, valor_tabulado, unidad_gestion) VALUES (601, 'Pareja/Concubino', '0');
INSERT INTO sge_respuesta (respuesta, valor_tabulado, unidad_gestion) VALUES (602, 'Otro Familiar', '0');
INSERT INTO sge_respuesta (respuesta, valor_tabulado, unidad_gestion) VALUES (603, 'Tutor', '0');
INSERT INTO sge_respuesta (respuesta, valor_tabulado, unidad_gestion) VALUES (604, 'Encargado', '0');
INSERT INTO sge_respuesta (respuesta, valor_tabulado, unidad_gestion) VALUES (605, 'Con estudios secundarios completos', '0');
INSERT INTO sge_respuesta (respuesta, valor_tabulado, unidad_gestion) VALUES (606, 'Por ser mayor de 25 años de edad sin secundario completo (Ley nacional de educación superior 24.531, Art. 7)', '0');
INSERT INTO sge_respuesta (respuesta, valor_tabulado, unidad_gestion) VALUES (607, 'A través de convalidación de estudios extranjeros', '0');
INSERT INTO sge_respuesta (respuesta, valor_tabulado, unidad_gestion) VALUES (608, 'A través de reválida de estudios extranjeros', '0');
INSERT INTO sge_respuesta (respuesta, valor_tabulado, unidad_gestion) VALUES (609, 'Por equivalencias', '0');
INSERT INTO sge_respuesta (respuesta, valor_tabulado, unidad_gestion) VALUES (610, 'Mañana', '0');
INSERT INTO sge_respuesta (respuesta, valor_tabulado, unidad_gestion) VALUES (611, 'Tarde', '0');
INSERT INTO sge_respuesta (respuesta, valor_tabulado, unidad_gestion) VALUES (612, 'Noche', '0');
INSERT INTO sge_respuesta (respuesta, valor_tabulado, unidad_gestion) VALUES (613, 'Por cuestiones económicas/bajo costo', '0');
INSERT INTO sge_respuesta (respuesta, valor_tabulado, unidad_gestion) VALUES (614, 'Por el prestigio', '0');
INSERT INTO sge_respuesta (respuesta, valor_tabulado, unidad_gestion) VALUES (615, 'Por la difusión', '0');
INSERT INTO sge_respuesta (respuesta, valor_tabulado, unidad_gestion) VALUES (616, 'Por recomendación de otros estudiantes / graduados', '0');
INSERT INTO sge_respuesta (respuesta, valor_tabulado, unidad_gestion) VALUES (617, 'Por recomendación de amigos / familiares', '0');
INSERT INTO sge_respuesta (respuesta, valor_tabulado, unidad_gestion) VALUES (618, 'Por el sistema de ingreso', '0');
INSERT INTO sge_respuesta (respuesta, valor_tabulado, unidad_gestion) VALUES (619, 'Ubicación geográfica', '0');
INSERT INTO sge_respuesta (respuesta, valor_tabulado, unidad_gestion) VALUES (620, 'Vocación', '0');
INSERT INTO sge_respuesta (respuesta, valor_tabulado, unidad_gestion) VALUES (621, 'Sugerencia del núcleo familiar', '0');
INSERT INTO sge_respuesta (respuesta, valor_tabulado, unidad_gestion) VALUES (622, 'Reconocimiento social', '0');
INSERT INTO sge_respuesta (respuesta, valor_tabulado, unidad_gestion) VALUES (623, 'Rápida inserción laboral', '0');
INSERT INTO sge_respuesta (respuesta, valor_tabulado, unidad_gestion) VALUES (624, 'Perfil profesional', '0');
INSERT INTO sge_respuesta (respuesta, valor_tabulado, unidad_gestion) VALUES (625, 'Mejora de las condiciones económicas', '0');
INSERT INTO sge_respuesta (respuesta, valor_tabulado, unidad_gestion) VALUES (626, 'Deseo ser útil a la sociedad', '0');
INSERT INTO sge_respuesta (respuesta, valor_tabulado, unidad_gestion) VALUES (627, 'Satisfacción por lograr una meta', '0');
INSERT INTO sge_respuesta (respuesta, valor_tabulado, unidad_gestion) VALUES (628, 'Entusiasmo para enfrentar una nueva etapa', '0');
INSERT INTO sge_respuesta (respuesta, valor_tabulado, unidad_gestion) VALUES (629, 'Incertidumbre ante lo desconocido', '0');
INSERT INTO sge_respuesta (respuesta, valor_tabulado, unidad_gestion) VALUES (630, 'Inseguridad respecto de su capacidad para el estudio', '0');
INSERT INTO sge_respuesta (respuesta, valor_tabulado, unidad_gestion) VALUES (631, 'Miedo al fracaso', '0');
INSERT INTO sge_respuesta (respuesta, valor_tabulado, unidad_gestion) VALUES (632, 'Ninguna de las anteriores', '0');
INSERT INTO sge_respuesta (respuesta, valor_tabulado, unidad_gestion) VALUES (633, 'Aprender a organizar el tiempo y las actividades para el estudio', '0');
INSERT INTO sge_respuesta (respuesta, valor_tabulado, unidad_gestion) VALUES (634, 'Desarrollarme socialmente', '0');
INSERT INTO sge_respuesta (respuesta, valor_tabulado, unidad_gestion) VALUES (635, 'Proyectarme profesionalmente', '0');
INSERT INTO sge_respuesta (respuesta, valor_tabulado, unidad_gestion) VALUES (636, 'Superar limitaciones personales', '0');
INSERT INTO sge_respuesta (respuesta, valor_tabulado, unidad_gestion) VALUES (637, 'Ninguna de las anteriores', '0');
INSERT INTO sge_respuesta (respuesta, valor_tabulado, unidad_gestion) VALUES (638, 'Con el aporte de familiares', '0');
INSERT INTO sge_respuesta (respuesta, valor_tabulado, unidad_gestion) VALUES (639, 'Con su trabajo', '0');
INSERT INTO sge_respuesta (respuesta, valor_tabulado, unidad_gestion) VALUES (640, 'Con beca', '0');
INSERT INTO sge_respuesta (respuesta, valor_tabulado, unidad_gestion) VALUES (641, 'Con planes sociales', '0');
INSERT INTO sge_respuesta (respuesta, valor_tabulado, unidad_gestion) VALUES (642, 'Otra fuente de ingreso', '0');
INSERT INTO sge_respuesta (respuesta, valor_tabulado, unidad_gestion) VALUES (643, 'Ayuda económica en efectivo', '0');
INSERT INTO sge_respuesta (respuesta, valor_tabulado, unidad_gestion) VALUES (644, 'Contraprestación de servicios', '0');
INSERT INTO sge_respuesta (respuesta, valor_tabulado, unidad_gestion) VALUES (645, 'Transporte', '0');
INSERT INTO sge_respuesta (respuesta, valor_tabulado, unidad_gestion) VALUES (646, 'Comedor', '0');
INSERT INTO sge_respuesta (respuesta, valor_tabulado, unidad_gestion) VALUES (649, 'Investigación', '0');
INSERT INTO sge_respuesta (respuesta, valor_tabulado, unidad_gestion) VALUES (651, 'Estuviste empleado (trabajaste al menos una hora o no trabajaste por licencia, vacaciones, enfermedad)', '0');
INSERT INTO sge_respuesta (respuesta, valor_tabulado, unidad_gestion) VALUES (652, 'No estuviste empleado y buscaste empleo en algún momento de los últimos 30 días', '0');
INSERT INTO sge_respuesta (respuesta, valor_tabulado, unidad_gestion) VALUES (653, 'No estuviste empleado y no buscaste empleo (no estás pensando en trabajar)', '0');
INSERT INTO sge_respuesta (respuesta, valor_tabulado, unidad_gestion) VALUES (654, 'Patrón (tenés empleados)', '0');
INSERT INTO sge_respuesta (respuesta, valor_tabulado, unidad_gestion) VALUES (655, 'Por cuenta propia/independiente', '0');
INSERT INTO sge_respuesta (respuesta, valor_tabulado, unidad_gestion) VALUES (656, 'Obrero o empleado (asalariado)', '0');
INSERT INTO sge_respuesta (respuesta, valor_tabulado, unidad_gestion) VALUES (657, 'Pasante', '0');
INSERT INTO sge_respuesta (respuesta, valor_tabulado, unidad_gestion) VALUES (658, 'Permanente (incluye fijo, estable, de planta)', '0');
INSERT INTO sge_respuesta (respuesta, valor_tabulado, unidad_gestion) VALUES (659, 'Temporaria (incluye changa, trabajo transitorio, estacional, contrato por tarea u obra, suplencia, etc.)', '0');
INSERT INTO sge_respuesta (respuesta, valor_tabulado, unidad_gestion) VALUES (660, 'Hasta 10 horas', '0');
INSERT INTO sge_respuesta (respuesta, valor_tabulado, unidad_gestion) VALUES (661, 'Más de 10 horas y hasta 20 horas', '0');
INSERT INTO sge_respuesta (respuesta, valor_tabulado, unidad_gestion) VALUES (662, 'Más de 20 y menos de 35 horas', '0');
INSERT INTO sge_respuesta (respuesta, valor_tabulado, unidad_gestion) VALUES (663, '35 o más horas', '0');
INSERT INTO sge_respuesta (respuesta, valor_tabulado, unidad_gestion) VALUES (664, 'Total', '0');
INSERT INTO sge_respuesta (respuesta, valor_tabulado, unidad_gestion) VALUES (665, 'Parcial', '0');
INSERT INTO sge_respuesta (respuesta, valor_tabulado, unidad_gestion) VALUES (666, 'Sin relación', '0');
INSERT INTO sge_respuesta (respuesta, valor_tabulado, unidad_gestion) VALUES (667, 'Titular', '0');
INSERT INTO sge_respuesta (respuesta, valor_tabulado, unidad_gestion) VALUES (668, 'Beneficiario', '0');
INSERT INTO sge_respuesta (respuesta, valor_tabulado, unidad_gestion) VALUES (669, 'Adherente', '0');
INSERT INTO sge_respuesta (respuesta, valor_tabulado, unidad_gestion) VALUES (670, 'No deseo contestar', '0');
INSERT INTO sge_respuesta (respuesta, valor_tabulado, unidad_gestion) VALUES (671, 'Motriz', '0');
INSERT INTO sge_respuesta (respuesta, valor_tabulado, unidad_gestion) VALUES (672, 'Auditiva', '0');
INSERT INTO sge_respuesta (respuesta, valor_tabulado, unidad_gestion) VALUES (673, 'Visual', '0');
INSERT INTO sge_respuesta (respuesta, valor_tabulado, unidad_gestion) VALUES (674, 'Intelectual', '0');
INSERT INTO sge_respuesta (respuesta, valor_tabulado, unidad_gestion) VALUES (675, 'Otras', '0');
INSERT INTO sge_respuesta (respuesta, valor_tabulado, unidad_gestion) VALUES (676, 'Transitoria', '0');
INSERT INTO sge_respuesta (respuesta, valor_tabulado, unidad_gestion) VALUES (677, 'Permanente', '0');
INSERT INTO sge_respuesta (respuesta, valor_tabulado, unidad_gestion) VALUES (678, 'Leve', '0');
INSERT INTO sge_respuesta (respuesta, valor_tabulado, unidad_gestion) VALUES (679, 'Moderada', '0');
INSERT INTO sge_respuesta (respuesta, valor_tabulado, unidad_gestion) VALUES (680, 'Severa', '0');
INSERT INTO sge_respuesta (respuesta, valor_tabulado, unidad_gestion) VALUES (681, 'Trabajo', '0');
INSERT INTO sge_respuesta (respuesta, valor_tabulado, unidad_gestion) VALUES (682, 'Deportivas', '0');
INSERT INTO sge_respuesta (respuesta, valor_tabulado, unidad_gestion) VALUES (683, 'Artísticas', '0');
INSERT INTO sge_respuesta (respuesta, valor_tabulado, unidad_gestion) VALUES (684, 'Otros estudios (idiomas, cursos varios)', '0');
INSERT INTO sge_respuesta (respuesta, valor_tabulado, unidad_gestion) VALUES (685, 'Otras actividades (familiares/recreativas)', '0');
INSERT INTO sge_respuesta (respuesta, valor_tabulado, unidad_gestion) VALUES (686, 'Más de 5 horas', '0');
INSERT INTO sge_respuesta (respuesta, valor_tabulado, unidad_gestion) VALUES (687, 'Entre 3 y 5 horas', '0');
INSERT INTO sge_respuesta (respuesta, valor_tabulado, unidad_gestion) VALUES (688, 'Entre 1 y 3 horas', '0');
INSERT INTO sge_respuesta (respuesta, valor_tabulado, unidad_gestion) VALUES (689, 'Menos de 1 hora', '0');
INSERT INTO sge_respuesta (respuesta, valor_tabulado, unidad_gestion) VALUES (690, 'En mi casa', '0');
INSERT INTO sge_respuesta (respuesta, valor_tabulado, unidad_gestion) VALUES (691, 'En el trabajo', '0');
INSERT INTO sge_respuesta (respuesta, valor_tabulado, unidad_gestion) VALUES (692, 'En la Universidad', '0');
INSERT INTO sge_respuesta (respuesta, valor_tabulado, unidad_gestion) VALUES (693, 'Otro lugar', '0');
INSERT INTO sge_respuesta (respuesta, valor_tabulado, unidad_gestion) VALUES (694, 'En mi dispositivo móvil', '0');
INSERT INTO sge_respuesta (respuesta, valor_tabulado, unidad_gestion) VALUES (698, 'En un gimnasio privado', '0');
INSERT INTO sge_respuesta (respuesta, valor_tabulado, unidad_gestion) VALUES (700, 'En su domicilio', '0');
INSERT INTO sge_respuesta (respuesta, valor_tabulado, unidad_gestion) VALUES (701, 'En un club', '0');
INSERT INTO sge_respuesta (respuesta, valor_tabulado, unidad_gestion) VALUES (702, 'En un espacio al aire libre', '0');
INSERT INTO sge_respuesta (respuesta, valor_tabulado, unidad_gestion) VALUES (703, 'Fútbol', '0');
INSERT INTO sge_respuesta (respuesta, valor_tabulado, unidad_gestion) VALUES (704, 'Básquet', '0');
INSERT INTO sge_respuesta (respuesta, valor_tabulado, unidad_gestion) VALUES (705, 'Vóley', '0');
INSERT INTO sge_respuesta (respuesta, valor_tabulado, unidad_gestion) VALUES (706, 'Gimnasia', '0');
INSERT INTO sge_respuesta (respuesta, valor_tabulado, unidad_gestion) VALUES (707, 'Tenis', '0');
INSERT INTO sge_respuesta (respuesta, valor_tabulado, unidad_gestion) VALUES (708, 'Natación', '0');
INSERT INTO sge_respuesta (respuesta, valor_tabulado, unidad_gestion) VALUES (709, 'Handball', '0');
INSERT INTO sge_respuesta (respuesta, valor_tabulado, unidad_gestion) VALUES (710, 'Avanzado', '0');
INSERT INTO sge_respuesta (respuesta, valor_tabulado, unidad_gestion) VALUES (711, 'Intermedio', '0');
INSERT INTO sge_respuesta (respuesta, valor_tabulado, unidad_gestion) VALUES (712, 'Básico', '0');

--
-- Asociación de Respuestas y Preguntas
--

INSERT INTO sge_pregunta_respuesta (respuesta, pregunta, orden) VALUES (501, 502, 1);
INSERT INTO sge_pregunta_respuesta (respuesta, pregunta, orden) VALUES (502, 502, 2);
INSERT INTO sge_pregunta_respuesta (respuesta, pregunta, orden) VALUES (503, 507, 1);
INSERT INTO sge_pregunta_respuesta (respuesta, pregunta, orden) VALUES (504, 507, 2);
INSERT INTO sge_pregunta_respuesta (respuesta, pregunta, orden) VALUES (505, 507, 3);
INSERT INTO sge_pregunta_respuesta (respuesta, pregunta, orden) VALUES (506, 507, 4);
INSERT INTO sge_pregunta_respuesta (respuesta, pregunta, orden) VALUES (507, 507, 5);
INSERT INTO sge_pregunta_respuesta (respuesta, pregunta, orden) VALUES (508, 512, 1);
INSERT INTO sge_pregunta_respuesta (respuesta, pregunta, orden) VALUES (509, 512, 2);
INSERT INTO sge_pregunta_respuesta (respuesta, pregunta, orden) VALUES (510, 512, 3);
INSERT INTO sge_pregunta_respuesta (respuesta, pregunta, orden) VALUES (511, 512, 4);
INSERT INTO sge_pregunta_respuesta (respuesta, pregunta, orden) VALUES (512, 514, 1);
INSERT INTO sge_pregunta_respuesta (respuesta, pregunta, orden) VALUES (513, 514, 2);
INSERT INTO sge_pregunta_respuesta (respuesta, pregunta, orden) VALUES (514, 517, 1);
INSERT INTO sge_pregunta_respuesta (respuesta, pregunta, orden) VALUES (515, 517, 2);
INSERT INTO sge_pregunta_respuesta (respuesta, pregunta, orden) VALUES (516, 517, 3);
INSERT INTO sge_pregunta_respuesta (respuesta, pregunta, orden) VALUES (517, 517, 4);
INSERT INTO sge_pregunta_respuesta (respuesta, pregunta, orden) VALUES (518, 518, 1);
INSERT INTO sge_pregunta_respuesta (respuesta, pregunta, orden) VALUES (519, 518, 2);
INSERT INTO sge_pregunta_respuesta (respuesta, pregunta, orden) VALUES (520, 532, 1);
INSERT INTO sge_pregunta_respuesta (respuesta, pregunta, orden) VALUES (521, 532, 2);
INSERT INTO sge_pregunta_respuesta (respuesta, pregunta, orden) VALUES (522, 532, 3);
INSERT INTO sge_pregunta_respuesta (respuesta, pregunta, orden) VALUES (523, 532, 4);
INSERT INTO sge_pregunta_respuesta (respuesta, pregunta, orden) VALUES (524, 532, 5);
INSERT INTO sge_pregunta_respuesta (respuesta, pregunta, orden) VALUES (525, 532, 6);
INSERT INTO sge_pregunta_respuesta (respuesta, pregunta, orden) VALUES (526, 532, 7);
INSERT INTO sge_pregunta_respuesta (respuesta, pregunta, orden) VALUES (527, 532, 8);
INSERT INTO sge_pregunta_respuesta (respuesta, pregunta, orden) VALUES (518, 533, 1);
INSERT INTO sge_pregunta_respuesta (respuesta, pregunta, orden) VALUES (519, 533, 2);
INSERT INTO sge_pregunta_respuesta (respuesta, pregunta, orden) VALUES (518, 534, 1);
INSERT INTO sge_pregunta_respuesta (respuesta, pregunta, orden) VALUES (519, 534, 2);
INSERT INTO sge_pregunta_respuesta (respuesta, pregunta, orden) VALUES (528, 535, 1);
INSERT INTO sge_pregunta_respuesta (respuesta, pregunta, orden) VALUES (529, 535, 2);
INSERT INTO sge_pregunta_respuesta (respuesta, pregunta, orden) VALUES (530, 535, 3);
INSERT INTO sge_pregunta_respuesta (respuesta, pregunta, orden) VALUES (531, 535, 4);
INSERT INTO sge_pregunta_respuesta (respuesta, pregunta, orden) VALUES (532, 535, 5);
INSERT INTO sge_pregunta_respuesta (respuesta, pregunta, orden) VALUES (518, 537, 1);
INSERT INTO sge_pregunta_respuesta (respuesta, pregunta, orden) VALUES (519, 537, 2);
INSERT INTO sge_pregunta_respuesta (respuesta, pregunta, orden) VALUES (533, 539, 1);
INSERT INTO sge_pregunta_respuesta (respuesta, pregunta, orden) VALUES (534, 539, 2);
INSERT INTO sge_pregunta_respuesta (respuesta, pregunta, orden) VALUES (535, 539, 3);
INSERT INTO sge_pregunta_respuesta (respuesta, pregunta, orden) VALUES (536, 539, 4);
INSERT INTO sge_pregunta_respuesta (respuesta, pregunta, orden) VALUES (537, 541, 1);
INSERT INTO sge_pregunta_respuesta (respuesta, pregunta, orden) VALUES (538, 541, 2);
INSERT INTO sge_pregunta_respuesta (respuesta, pregunta, orden) VALUES (539, 541, 3);
INSERT INTO sge_pregunta_respuesta (respuesta, pregunta, orden) VALUES (540, 542, 1);
INSERT INTO sge_pregunta_respuesta (respuesta, pregunta, orden) VALUES (541, 542, 2);
INSERT INTO sge_pregunta_respuesta (respuesta, pregunta, orden) VALUES (542, 542, 3);
INSERT INTO sge_pregunta_respuesta (respuesta, pregunta, orden) VALUES (543, 542, 4);
INSERT INTO sge_pregunta_respuesta (respuesta, pregunta, orden) VALUES (544, 542, 5);
INSERT INTO sge_pregunta_respuesta (respuesta, pregunta, orden) VALUES (545, 542, 6);
INSERT INTO sge_pregunta_respuesta (respuesta, pregunta, orden) VALUES (546, 542, 7);
INSERT INTO sge_pregunta_respuesta (respuesta, pregunta, orden) VALUES (547, 542, 8);
INSERT INTO sge_pregunta_respuesta (respuesta, pregunta, orden) VALUES (548, 542, 9);
INSERT INTO sge_pregunta_respuesta (respuesta, pregunta, orden) VALUES (518, 543, 1);
INSERT INTO sge_pregunta_respuesta (respuesta, pregunta, orden) VALUES (519, 543, 2);
INSERT INTO sge_pregunta_respuesta (respuesta, pregunta, orden) VALUES (549, 546, 1);
INSERT INTO sge_pregunta_respuesta (respuesta, pregunta, orden) VALUES (550, 546, 2);
INSERT INTO sge_pregunta_respuesta (respuesta, pregunta, orden) VALUES (551, 546, 3);
INSERT INTO sge_pregunta_respuesta (respuesta, pregunta, orden) VALUES (552, 546, 4);
INSERT INTO sge_pregunta_respuesta (respuesta, pregunta, orden) VALUES (553, 546, 5);
INSERT INTO sge_pregunta_respuesta (respuesta, pregunta, orden) VALUES (554, 546, 6);
INSERT INTO sge_pregunta_respuesta (respuesta, pregunta, orden) VALUES (548, 546, 7);
INSERT INTO sge_pregunta_respuesta (respuesta, pregunta, orden) VALUES (555, 547, 1);
INSERT INTO sge_pregunta_respuesta (respuesta, pregunta, orden) VALUES (556, 547, 2);
INSERT INTO sge_pregunta_respuesta (respuesta, pregunta, orden) VALUES (557, 547, 3);
INSERT INTO sge_pregunta_respuesta (respuesta, pregunta, orden) VALUES (558, 547, 4);
INSERT INTO sge_pregunta_respuesta (respuesta, pregunta, orden) VALUES (559, 547, 5);
INSERT INTO sge_pregunta_respuesta (respuesta, pregunta, orden) VALUES (560, 547, 6);
INSERT INTO sge_pregunta_respuesta (respuesta, pregunta, orden) VALUES (518, 548, 1);
INSERT INTO sge_pregunta_respuesta (respuesta, pregunta, orden) VALUES (519, 548, 2);
INSERT INTO sge_pregunta_respuesta (respuesta, pregunta, orden) VALUES (561, 549, 1);
INSERT INTO sge_pregunta_respuesta (respuesta, pregunta, orden) VALUES (562, 549, 2);
INSERT INTO sge_pregunta_respuesta (respuesta, pregunta, orden) VALUES (563, 549, 3);
INSERT INTO sge_pregunta_respuesta (respuesta, pregunta, orden) VALUES (564, 549, 4);
INSERT INTO sge_pregunta_respuesta (respuesta, pregunta, orden) VALUES (561, 550, 1);
INSERT INTO sge_pregunta_respuesta (respuesta, pregunta, orden) VALUES (562, 550, 2);
INSERT INTO sge_pregunta_respuesta (respuesta, pregunta, orden) VALUES (563, 550, 3);
INSERT INTO sge_pregunta_respuesta (respuesta, pregunta, orden) VALUES (564, 550, 4);
INSERT INTO sge_pregunta_respuesta (respuesta, pregunta, orden) VALUES (565, 551, 1);
INSERT INTO sge_pregunta_respuesta (respuesta, pregunta, orden) VALUES (566, 551, 2);
INSERT INTO sge_pregunta_respuesta (respuesta, pregunta, orden) VALUES (567, 551, 3);
INSERT INTO sge_pregunta_respuesta (respuesta, pregunta, orden) VALUES (518, 558, 1);
INSERT INTO sge_pregunta_respuesta (respuesta, pregunta, orden) VALUES (519, 558, 2);
INSERT INTO sge_pregunta_respuesta (respuesta, pregunta, orden) VALUES (568, 558, 3);
INSERT INTO sge_pregunta_respuesta (respuesta, pregunta, orden) VALUES (569, 559, 1);
INSERT INTO sge_pregunta_respuesta (respuesta, pregunta, orden) VALUES (570, 559, 2);
INSERT INTO sge_pregunta_respuesta (respuesta, pregunta, orden) VALUES (571, 559, 3);
INSERT INTO sge_pregunta_respuesta (respuesta, pregunta, orden) VALUES (572, 559, 4);
INSERT INTO sge_pregunta_respuesta (respuesta, pregunta, orden) VALUES (573, 559, 5);
INSERT INTO sge_pregunta_respuesta (respuesta, pregunta, orden) VALUES (574, 559, 6);
INSERT INTO sge_pregunta_respuesta (respuesta, pregunta, orden) VALUES (575, 559, 7);
INSERT INTO sge_pregunta_respuesta (respuesta, pregunta, orden) VALUES (576, 559, 8);
INSERT INTO sge_pregunta_respuesta (respuesta, pregunta, orden) VALUES (577, 559, 9);
INSERT INTO sge_pregunta_respuesta (respuesta, pregunta, orden) VALUES (578, 559, 10);
INSERT INTO sge_pregunta_respuesta (respuesta, pregunta, orden) VALUES (579, 559, 11);
INSERT INTO sge_pregunta_respuesta (respuesta, pregunta, orden) VALUES (568, 559, 12);
INSERT INTO sge_pregunta_respuesta (respuesta, pregunta, orden) VALUES (580, 560, 1);
INSERT INTO sge_pregunta_respuesta (respuesta, pregunta, orden) VALUES (581, 560, 2);
INSERT INTO sge_pregunta_respuesta (respuesta, pregunta, orden) VALUES (582, 560, 3);
INSERT INTO sge_pregunta_respuesta (respuesta, pregunta, orden) VALUES (568, 560, 4);
INSERT INTO sge_pregunta_respuesta (respuesta, pregunta, orden) VALUES (580, 599, 1);
INSERT INTO sge_pregunta_respuesta (respuesta, pregunta, orden) VALUES (581, 599, 2);
INSERT INTO sge_pregunta_respuesta (respuesta, pregunta, orden) VALUES (582, 599, 3);
INSERT INTO sge_pregunta_respuesta (respuesta, pregunta, orden) VALUES (583, 561, 1);
INSERT INTO sge_pregunta_respuesta (respuesta, pregunta, orden) VALUES (584, 561, 2);
INSERT INTO sge_pregunta_respuesta (respuesta, pregunta, orden) VALUES (585, 561, 3);
INSERT INTO sge_pregunta_respuesta (respuesta, pregunta, orden) VALUES (586, 561, 4);
INSERT INTO sge_pregunta_respuesta (respuesta, pregunta, orden) VALUES (527, 561, 5);
INSERT INTO sge_pregunta_respuesta (respuesta, pregunta, orden) VALUES (568, 561, 6);
INSERT INTO sge_pregunta_respuesta (respuesta, pregunta, orden) VALUES (588, 562, 1);
INSERT INTO sge_pregunta_respuesta (respuesta, pregunta, orden) VALUES (589, 562, 2);
INSERT INTO sge_pregunta_respuesta (respuesta, pregunta, orden) VALUES (590, 562, 3);
INSERT INTO sge_pregunta_respuesta (respuesta, pregunta, orden) VALUES (591, 562, 4);
INSERT INTO sge_pregunta_respuesta (respuesta, pregunta, orden) VALUES (593, 563, 1);
INSERT INTO sge_pregunta_respuesta (respuesta, pregunta, orden) VALUES (594, 563, 2);
INSERT INTO sge_pregunta_respuesta (respuesta, pregunta, orden) VALUES (595, 563, 3);
INSERT INTO sge_pregunta_respuesta (respuesta, pregunta, orden) VALUES (596, 563, 4);
INSERT INTO sge_pregunta_respuesta (respuesta, pregunta, orden) VALUES (532, 563, 5);
INSERT INTO sge_pregunta_respuesta (respuesta, pregunta, orden) VALUES (532, 562, 5);
INSERT INTO sge_pregunta_respuesta (respuesta, pregunta, orden) VALUES (518, 574, 1);
INSERT INTO sge_pregunta_respuesta (respuesta, pregunta, orden) VALUES (519, 574, 2);
INSERT INTO sge_pregunta_respuesta (respuesta, pregunta, orden) VALUES (597, 576, 1);
INSERT INTO sge_pregunta_respuesta (respuesta, pregunta, orden) VALUES (598, 576, 2);
INSERT INTO sge_pregunta_respuesta (respuesta, pregunta, orden) VALUES (599, 576, 3);
INSERT INTO sge_pregunta_respuesta (respuesta, pregunta, orden) VALUES (600, 576, 4);
INSERT INTO sge_pregunta_respuesta (respuesta, pregunta, orden) VALUES (601, 576, 5);
INSERT INTO sge_pregunta_respuesta (respuesta, pregunta, orden) VALUES (602, 576, 6);
INSERT INTO sge_pregunta_respuesta (respuesta, pregunta, orden) VALUES (603, 576, 7);
INSERT INTO sge_pregunta_respuesta (respuesta, pregunta, orden) VALUES (604, 576, 8);
INSERT INTO sge_pregunta_respuesta (respuesta, pregunta, orden) VALUES (527, 576, 9);
INSERT INTO sge_pregunta_respuesta (respuesta, pregunta, orden) VALUES (605, 586, 1);
INSERT INTO sge_pregunta_respuesta (respuesta, pregunta, orden) VALUES (606, 586, 2);
INSERT INTO sge_pregunta_respuesta (respuesta, pregunta, orden) VALUES (607, 586, 3);
INSERT INTO sge_pregunta_respuesta (respuesta, pregunta, orden) VALUES (608, 586, 4);
INSERT INTO sge_pregunta_respuesta (respuesta, pregunta, orden) VALUES (609, 586, 5);
INSERT INTO sge_pregunta_respuesta (respuesta, pregunta, orden) VALUES (532, 586, 6);
INSERT INTO sge_pregunta_respuesta (respuesta, pregunta, orden) VALUES (518, 589, 1);
INSERT INTO sge_pregunta_respuesta (respuesta, pregunta, orden) VALUES (519, 589, 2);
INSERT INTO sge_pregunta_respuesta (respuesta, pregunta, orden) VALUES (610, 591, 1);
INSERT INTO sge_pregunta_respuesta (respuesta, pregunta, orden) VALUES (611, 591, 2);
INSERT INTO sge_pregunta_respuesta (respuesta, pregunta, orden) VALUES (612, 591, 3);
INSERT INTO sge_pregunta_respuesta (respuesta, pregunta, orden) VALUES (613, 592, 1);
INSERT INTO sge_pregunta_respuesta (respuesta, pregunta, orden) VALUES (614, 592, 2);
INSERT INTO sge_pregunta_respuesta (respuesta, pregunta, orden) VALUES (615, 592, 3);
INSERT INTO sge_pregunta_respuesta (respuesta, pregunta, orden) VALUES (616, 592, 4);
INSERT INTO sge_pregunta_respuesta (respuesta, pregunta, orden) VALUES (617, 592, 5);
INSERT INTO sge_pregunta_respuesta (respuesta, pregunta, orden) VALUES (618, 592, 6);
INSERT INTO sge_pregunta_respuesta (respuesta, pregunta, orden) VALUES (619, 592, 7);
INSERT INTO sge_pregunta_respuesta (respuesta, pregunta, orden) VALUES (532, 592, 8);
INSERT INTO sge_pregunta_respuesta (respuesta, pregunta, orden) VALUES (620, 593, 1);
INSERT INTO sge_pregunta_respuesta (respuesta, pregunta, orden) VALUES (621, 593, 2);
INSERT INTO sge_pregunta_respuesta (respuesta, pregunta, orden) VALUES (622, 593, 3);
INSERT INTO sge_pregunta_respuesta (respuesta, pregunta, orden) VALUES (623, 593, 4);
INSERT INTO sge_pregunta_respuesta (respuesta, pregunta, orden) VALUES (624, 593, 5);
INSERT INTO sge_pregunta_respuesta (respuesta, pregunta, orden) VALUES (625, 593, 6);
INSERT INTO sge_pregunta_respuesta (respuesta, pregunta, orden) VALUES (626, 593, 7);
INSERT INTO sge_pregunta_respuesta (respuesta, pregunta, orden) VALUES (532, 593, 8);
INSERT INTO sge_pregunta_respuesta (respuesta, pregunta, orden) VALUES (627, 594, 1);
INSERT INTO sge_pregunta_respuesta (respuesta, pregunta, orden) VALUES (628, 594, 2);
INSERT INTO sge_pregunta_respuesta (respuesta, pregunta, orden) VALUES (629, 594, 3);
INSERT INTO sge_pregunta_respuesta (respuesta, pregunta, orden) VALUES (630, 594, 4);
INSERT INTO sge_pregunta_respuesta (respuesta, pregunta, orden) VALUES (631, 594, 5);
INSERT INTO sge_pregunta_respuesta (respuesta, pregunta, orden) VALUES (632, 594, 6);
INSERT INTO sge_pregunta_respuesta (respuesta, pregunta, orden) VALUES (532, 594, 7);
INSERT INTO sge_pregunta_respuesta (respuesta, pregunta, orden) VALUES (633, 595, 1);
INSERT INTO sge_pregunta_respuesta (respuesta, pregunta, orden) VALUES (634, 595, 2);
INSERT INTO sge_pregunta_respuesta (respuesta, pregunta, orden) VALUES (635, 595, 3);
INSERT INTO sge_pregunta_respuesta (respuesta, pregunta, orden) VALUES (636, 595, 4);
INSERT INTO sge_pregunta_respuesta (respuesta, pregunta, orden) VALUES (637, 595, 5);
INSERT INTO sge_pregunta_respuesta (respuesta, pregunta, orden) VALUES (532, 595, 6);
INSERT INTO sge_pregunta_respuesta (respuesta, pregunta, orden) VALUES (638, 596, 1);
INSERT INTO sge_pregunta_respuesta (respuesta, pregunta, orden) VALUES (639, 596, 2);
INSERT INTO sge_pregunta_respuesta (respuesta, pregunta, orden) VALUES (640, 596, 3);
INSERT INTO sge_pregunta_respuesta (respuesta, pregunta, orden) VALUES (641, 596, 4);
INSERT INTO sge_pregunta_respuesta (respuesta, pregunta, orden) VALUES (642, 596, 5);
INSERT INTO sge_pregunta_respuesta (respuesta, pregunta, orden) VALUES (518, 597, 1);
INSERT INTO sge_pregunta_respuesta (respuesta, pregunta, orden) VALUES (519, 597, 2);
INSERT INTO sge_pregunta_respuesta (respuesta, pregunta, orden) VALUES (643, 598, 1);
INSERT INTO sge_pregunta_respuesta (respuesta, pregunta, orden) VALUES (644, 598, 2);
INSERT INTO sge_pregunta_respuesta (respuesta, pregunta, orden) VALUES (645, 598, 3);
INSERT INTO sge_pregunta_respuesta (respuesta, pregunta, orden) VALUES (646, 598, 4);
INSERT INTO sge_pregunta_respuesta (respuesta, pregunta, orden) VALUES (647, 598, 5);
INSERT INTO sge_pregunta_respuesta (respuesta, pregunta, orden) VALUES (648, 598, 6);
INSERT INTO sge_pregunta_respuesta (respuesta, pregunta, orden) VALUES (649, 598, 7);
INSERT INTO sge_pregunta_respuesta (respuesta, pregunta, orden) VALUES (527, 598, 8);
INSERT INTO sge_pregunta_respuesta (respuesta, pregunta, orden) VALUES (654, 600, 1);
INSERT INTO sge_pregunta_respuesta (respuesta, pregunta, orden) VALUES (655, 600, 2);
INSERT INTO sge_pregunta_respuesta (respuesta, pregunta, orden) VALUES (656, 600, 3);
INSERT INTO sge_pregunta_respuesta (respuesta, pregunta, orden) VALUES (657, 600, 4);
INSERT INTO sge_pregunta_respuesta (respuesta, pregunta, orden) VALUES (518, 601, 1);
INSERT INTO sge_pregunta_respuesta (respuesta, pregunta, orden) VALUES (519, 601, 2);
INSERT INTO sge_pregunta_respuesta (respuesta, pregunta, orden) VALUES (518, 602, 1);
INSERT INTO sge_pregunta_respuesta (respuesta, pregunta, orden) VALUES (519, 602, 2);
INSERT INTO sge_pregunta_respuesta (respuesta, pregunta, orden) VALUES (518, 603, 1);
INSERT INTO sge_pregunta_respuesta (respuesta, pregunta, orden) VALUES (519, 603, 2);
INSERT INTO sge_pregunta_respuesta (respuesta, pregunta, orden) VALUES (658, 604, 1);
INSERT INTO sge_pregunta_respuesta (respuesta, pregunta, orden) VALUES (659, 604, 2);
INSERT INTO sge_pregunta_respuesta (respuesta, pregunta, orden) VALUES (660, 605, 1);
INSERT INTO sge_pregunta_respuesta (respuesta, pregunta, orden) VALUES (661, 605, 2);
INSERT INTO sge_pregunta_respuesta (respuesta, pregunta, orden) VALUES (662, 605, 3);
INSERT INTO sge_pregunta_respuesta (respuesta, pregunta, orden) VALUES (663, 605, 4);
INSERT INTO sge_pregunta_respuesta (respuesta, pregunta, orden) VALUES (664, 606, 1);
INSERT INTO sge_pregunta_respuesta (respuesta, pregunta, orden) VALUES (665, 606, 2);
INSERT INTO sge_pregunta_respuesta (respuesta, pregunta, orden) VALUES (666, 606, 3);
INSERT INTO sge_pregunta_respuesta (respuesta, pregunta, orden) VALUES (518, 608, 1);
INSERT INTO sge_pregunta_respuesta (respuesta, pregunta, orden) VALUES (519, 608, 2);
INSERT INTO sge_pregunta_respuesta (respuesta, pregunta, orden) VALUES (667, 609, 1);
INSERT INTO sge_pregunta_respuesta (respuesta, pregunta, orden) VALUES (668, 609, 2);
INSERT INTO sge_pregunta_respuesta (respuesta, pregunta, orden) VALUES (669, 609, 3);
INSERT INTO sge_pregunta_respuesta (respuesta, pregunta, orden) VALUES (527, 609, 4);
INSERT INTO sge_pregunta_respuesta (respuesta, pregunta, orden) VALUES (518, 610, 1);
INSERT INTO sge_pregunta_respuesta (respuesta, pregunta, orden) VALUES (519, 610, 2);
INSERT INTO sge_pregunta_respuesta (respuesta, pregunta, orden) VALUES (670, 610, 3);
INSERT INTO sge_pregunta_respuesta (respuesta, pregunta, orden) VALUES (671, 611, 1);
INSERT INTO sge_pregunta_respuesta (respuesta, pregunta, orden) VALUES (672, 611, 2);
INSERT INTO sge_pregunta_respuesta (respuesta, pregunta, orden) VALUES (673, 611, 3);
INSERT INTO sge_pregunta_respuesta (respuesta, pregunta, orden) VALUES (674, 611, 4);
INSERT INTO sge_pregunta_respuesta (respuesta, pregunta, orden) VALUES (675, 611, 5);
INSERT INTO sge_pregunta_respuesta (respuesta, pregunta, orden) VALUES (676, 612, 1);
INSERT INTO sge_pregunta_respuesta (respuesta, pregunta, orden) VALUES (677, 612, 2);
INSERT INTO sge_pregunta_respuesta (respuesta, pregunta, orden) VALUES (678, 613, 1);
INSERT INTO sge_pregunta_respuesta (respuesta, pregunta, orden) VALUES (679, 613, 2);
INSERT INTO sge_pregunta_respuesta (respuesta, pregunta, orden) VALUES (680, 613, 3);
INSERT INTO sge_pregunta_respuesta (respuesta, pregunta, orden) VALUES (518, 614, 1);
INSERT INTO sge_pregunta_respuesta (respuesta, pregunta, orden) VALUES (519, 614, 2);
INSERT INTO sge_pregunta_respuesta (respuesta, pregunta, orden) VALUES (518, 615, 1);
INSERT INTO sge_pregunta_respuesta (respuesta, pregunta, orden) VALUES (519, 615, 2);
INSERT INTO sge_pregunta_respuesta (respuesta, pregunta, orden) VALUES (670, 615, 3);
INSERT INTO sge_pregunta_respuesta (respuesta, pregunta, orden) VALUES (681, 618, 1);
INSERT INTO sge_pregunta_respuesta (respuesta, pregunta, orden) VALUES (682, 618, 2);
INSERT INTO sge_pregunta_respuesta (respuesta, pregunta, orden) VALUES (683, 618, 3);
INSERT INTO sge_pregunta_respuesta (respuesta, pregunta, orden) VALUES (684, 618, 4);
INSERT INTO sge_pregunta_respuesta (respuesta, pregunta, orden) VALUES (685, 618, 5);
INSERT INTO sge_pregunta_respuesta (respuesta, pregunta, orden) VALUES (686, 624, 1);
INSERT INTO sge_pregunta_respuesta (respuesta, pregunta, orden) VALUES (687, 624, 2);
INSERT INTO sge_pregunta_respuesta (respuesta, pregunta, orden) VALUES (688, 624, 3);
INSERT INTO sge_pregunta_respuesta (respuesta, pregunta, orden) VALUES (689, 624, 4);
INSERT INTO sge_pregunta_respuesta (respuesta, pregunta, orden) VALUES (686, 625, 1);
INSERT INTO sge_pregunta_respuesta (respuesta, pregunta, orden) VALUES (687, 625, 2);
INSERT INTO sge_pregunta_respuesta (respuesta, pregunta, orden) VALUES (688, 625, 3);
INSERT INTO sge_pregunta_respuesta (respuesta, pregunta, orden) VALUES (689, 625, 4);
INSERT INTO sge_pregunta_respuesta (respuesta, pregunta, orden) VALUES (690, 626, 1);
INSERT INTO sge_pregunta_respuesta (respuesta, pregunta, orden) VALUES (691, 626, 2);
INSERT INTO sge_pregunta_respuesta (respuesta, pregunta, orden) VALUES (692, 626, 3);
INSERT INTO sge_pregunta_respuesta (respuesta, pregunta, orden) VALUES (693, 626, 4);
INSERT INTO sge_pregunta_respuesta (respuesta, pregunta, orden) VALUES (694, 627, 1);
INSERT INTO sge_pregunta_respuesta (respuesta, pregunta, orden) VALUES (690, 627, 2);
INSERT INTO sge_pregunta_respuesta (respuesta, pregunta, orden) VALUES (691, 627, 3);
INSERT INTO sge_pregunta_respuesta (respuesta, pregunta, orden) VALUES (692, 627, 4);
INSERT INTO sge_pregunta_respuesta (respuesta, pregunta, orden) VALUES (693, 627, 5);
INSERT INTO sge_pregunta_respuesta (respuesta, pregunta, orden) VALUES (518, 628, 1);
INSERT INTO sge_pregunta_respuesta (respuesta, pregunta, orden) VALUES (519, 628, 2);
INSERT INTO sge_pregunta_respuesta (respuesta, pregunta, orden) VALUES (698, 629, 1);
INSERT INTO sge_pregunta_respuesta (respuesta, pregunta, orden) VALUES (692, 629, 2);
INSERT INTO sge_pregunta_respuesta (respuesta, pregunta, orden) VALUES (700, 629, 3);
INSERT INTO sge_pregunta_respuesta (respuesta, pregunta, orden) VALUES (701, 629, 4);
INSERT INTO sge_pregunta_respuesta (respuesta, pregunta, orden) VALUES (702, 629, 5);
INSERT INTO sge_pregunta_respuesta (respuesta, pregunta, orden) VALUES (527, 629, 6);
INSERT INTO sge_pregunta_respuesta (respuesta, pregunta, orden) VALUES (703, 630, 1);
INSERT INTO sge_pregunta_respuesta (respuesta, pregunta, orden) VALUES (704, 630, 2);
INSERT INTO sge_pregunta_respuesta (respuesta, pregunta, orden) VALUES (705, 630, 3);
INSERT INTO sge_pregunta_respuesta (respuesta, pregunta, orden) VALUES (706, 630, 4);
INSERT INTO sge_pregunta_respuesta (respuesta, pregunta, orden) VALUES (707, 630, 5);
INSERT INTO sge_pregunta_respuesta (respuesta, pregunta, orden) VALUES (708, 630, 6);
INSERT INTO sge_pregunta_respuesta (respuesta, pregunta, orden) VALUES (709, 630, 7);
INSERT INTO sge_pregunta_respuesta (respuesta, pregunta, orden) VALUES (532, 630, 8);
INSERT INTO sge_pregunta_respuesta (respuesta, pregunta, orden) VALUES (710, 631, 1);
INSERT INTO sge_pregunta_respuesta (respuesta, pregunta, orden) VALUES (711, 631, 2);
INSERT INTO sge_pregunta_respuesta (respuesta, pregunta, orden) VALUES (712, 631, 3);
INSERT INTO sge_pregunta_respuesta (respuesta, pregunta, orden) VALUES (568, 631, 4);
INSERT INTO sge_pregunta_respuesta (respuesta, pregunta, orden) VALUES (710, 632, 1);
INSERT INTO sge_pregunta_respuesta (respuesta, pregunta, orden) VALUES (711, 632, 2);
INSERT INTO sge_pregunta_respuesta (respuesta, pregunta, orden) VALUES (712, 632, 3);
INSERT INTO sge_pregunta_respuesta (respuesta, pregunta, orden) VALUES (568, 632, 4);
INSERT INTO sge_pregunta_respuesta (respuesta, pregunta, orden) VALUES (710, 633, 1);
INSERT INTO sge_pregunta_respuesta (respuesta, pregunta, orden) VALUES (711, 633, 2);
INSERT INTO sge_pregunta_respuesta (respuesta, pregunta, orden) VALUES (712, 633, 3);
INSERT INTO sge_pregunta_respuesta (respuesta, pregunta, orden) VALUES (568, 633, 4);
INSERT INTO sge_pregunta_respuesta (respuesta, pregunta, orden) VALUES (710, 634, 1);
INSERT INTO sge_pregunta_respuesta (respuesta, pregunta, orden) VALUES (711, 634, 2);
INSERT INTO sge_pregunta_respuesta (respuesta, pregunta, orden) VALUES (712, 634, 3);
INSERT INTO sge_pregunta_respuesta (respuesta, pregunta, orden) VALUES (568, 634, 4);
INSERT INTO sge_pregunta_respuesta (respuesta, pregunta, orden) VALUES (710, 635, 1);
INSERT INTO sge_pregunta_respuesta (respuesta, pregunta, orden) VALUES (711, 635, 2);
INSERT INTO sge_pregunta_respuesta (respuesta, pregunta, orden) VALUES (712, 635, 3);
INSERT INTO sge_pregunta_respuesta (respuesta, pregunta, orden) VALUES (568, 635, 4);

--
-- Asociación de Preguntas y Dependencias
--

INSERT INTO sge_pregunta_dependencia (pregunta_dependencia, encuesta_definicion) VALUES (54, 959);
INSERT INTO sge_pregunta_dependencia (pregunta_dependencia, encuesta_definicion) VALUES (55, 985);
INSERT INTO sge_pregunta_dependencia (pregunta_dependencia, encuesta_definicion) VALUES (56, 989);
INSERT INTO sge_pregunta_dependencia (pregunta_dependencia, encuesta_definicion) VALUES (57, 990);
INSERT INTO sge_pregunta_dependencia (pregunta_dependencia, encuesta_definicion) VALUES (58, 994);
INSERT INTO sge_pregunta_dependencia (pregunta_dependencia, encuesta_definicion) VALUES (59, 1001);
INSERT INTO sge_pregunta_dependencia (pregunta_dependencia, encuesta_definicion) VALUES (60, 1048);
INSERT INTO sge_pregunta_dependencia (pregunta_dependencia, encuesta_definicion) VALUES (61, 1053);
INSERT INTO sge_pregunta_dependencia (pregunta_dependencia, encuesta_definicion) VALUES (62, 1055);
INSERT INTO sge_pregunta_dependencia (pregunta_dependencia, encuesta_definicion) VALUES (63, 1057);
INSERT INTO sge_pregunta_dependencia (pregunta_dependencia, encuesta_definicion) VALUES (64, 1070);
INSERT INTO sge_pregunta_dependencia (pregunta_dependencia, encuesta_definicion) VALUES (65, 1077);
INSERT INTO sge_pregunta_dependencia (pregunta_dependencia, encuesta_definicion) VALUES (66, 1078);
INSERT INTO sge_pregunta_dependencia (pregunta_dependencia, encuesta_definicion) VALUES (67, 1086);
INSERT INTO sge_pregunta_dependencia (pregunta_dependencia, encuesta_definicion) VALUES (68, 982);
INSERT INTO sge_pregunta_dependencia (pregunta_dependencia, encuesta_definicion) VALUES (69, 1059);

--
-- Creación de Dependencias
--

INSERT INTO sge_pregunta_dependencia_definicion (dependencia_definicion, pregunta_dependencia, bloque, pregunta, condicion, valor, accion, encuesta_definicion) VALUES (146, 54, 428, 513, 'es_igual_a', 509, 'mostrar', 960);
INSERT INTO sge_pregunta_dependencia_definicion (dependencia_definicion, pregunta_dependencia, bloque, pregunta, condicion, valor, accion, encuesta_definicion) VALUES (147, 54, 429, NULL, 'es_igual_a', 509, 'mostrar', NULL);
INSERT INTO sge_pregunta_dependencia_definicion (dependencia_definicion, pregunta_dependencia, bloque, pregunta, condicion, valor, accion, encuesta_definicion) VALUES (148, 69, 430, 534, 'es_igual_a', 518, 'mostrar', 983);
INSERT INTO sge_pregunta_dependencia_definicion (dependencia_definicion, pregunta_dependencia, bloque, pregunta, condicion, valor, accion, encuesta_definicion) VALUES (149, 55, 431, NULL, 'es_igual_a', 518, 'habilitar', NULL);
INSERT INTO sge_pregunta_dependencia_definicion (dependencia_definicion, pregunta_dependencia, bloque, pregunta, condicion, valor, accion, encuesta_definicion) VALUES (150, 56, 431, 544, 'es_igual_a', 537, 'mostrar', 992);
INSERT INTO sge_pregunta_dependencia_definicion (dependencia_definicion, pregunta_dependencia, bloque, pregunta, condicion, valor, accion, encuesta_definicion) VALUES (151, 56, 431, 545, 'es_igual_a', 537, 'mostrar', 993);
INSERT INTO sge_pregunta_dependencia_definicion (dependencia_definicion, pregunta_dependencia, bloque, pregunta, condicion, valor, accion, encuesta_definicion) VALUES (152, 56, 431, 546, 'es_igual_a', 537, 'mostrar', 994);
INSERT INTO sge_pregunta_dependencia_definicion (dependencia_definicion, pregunta_dependencia, bloque, pregunta, condicion, valor, accion, encuesta_definicion) VALUES (153, 56, 431, 542, 'es_igual_a', 538, 'mostrar', 990);
INSERT INTO sge_pregunta_dependencia_definicion (dependencia_definicion, pregunta_dependencia, bloque, pregunta, condicion, valor, accion, encuesta_definicion) VALUES (154, 56, 431, 543, 'es_igual_a', 539, 'mostrar', 991);
INSERT INTO sge_pregunta_dependencia_definicion (dependencia_definicion, pregunta_dependencia, bloque, pregunta, condicion, valor, accion, encuesta_definicion) VALUES (155, 57, 431, 636, 'es_igual_a', 548, 'mostrar', 995);
INSERT INTO sge_pregunta_dependencia_definicion (dependencia_definicion, pregunta_dependencia, bloque, pregunta, condicion, valor, accion, encuesta_definicion) VALUES (156, 58, 431, 637, 'es_igual_a', 548, 'mostrar', 996);
INSERT INTO sge_pregunta_dependencia_definicion (dependencia_definicion, pregunta_dependencia, bloque, pregunta, condicion, valor, accion, encuesta_definicion) VALUES (157, 60, 437, 590, 'es_igual_a', 518, 'mostrar', 1049);
INSERT INTO sge_pregunta_dependencia_definicion (dependencia_definicion, pregunta_dependencia, bloque, pregunta, condicion, valor, accion, encuesta_definicion) VALUES (158, 59, 433, 556, 'es_igual_a', 565, 'mostrar', 1002);
INSERT INTO sge_pregunta_dependencia_definicion (dependencia_definicion, pregunta_dependencia, bloque, pregunta, condicion, valor, accion, encuesta_definicion) VALUES (159, 59, 433, 641, 'es_igual_a', 565, 'mostrar', 1008);
INSERT INTO sge_pregunta_dependencia_definicion (dependencia_definicion, pregunta_dependencia, bloque, pregunta, condicion, valor, accion, encuesta_definicion) VALUES (160, 59, 433, 640, 'es_igual_a', 566, 'mostrar', 1003);
INSERT INTO sge_pregunta_dependencia_definicion (dependencia_definicion, pregunta_dependencia, bloque, pregunta, condicion, valor, accion, encuesta_definicion) VALUES (161, 59, 433, 642, 'es_igual_a', 566, 'mostrar', 1009);
INSERT INTO sge_pregunta_dependencia_definicion (dependencia_definicion, pregunta_dependencia, bloque, pregunta, condicion, valor, accion, encuesta_definicion) VALUES (162, 59, 433, 557, 'es_igual_a', 567, 'mostrar', 1094);
INSERT INTO sge_pregunta_dependencia_definicion (dependencia_definicion, pregunta_dependencia, bloque, pregunta, condicion, valor, accion, encuesta_definicion) VALUES (163, 59, 433, 643, 'es_igual_a', 567, 'mostrar', 1095);
INSERT INTO sge_pregunta_dependencia_definicion (dependencia_definicion, pregunta_dependencia, bloque, pregunta, condicion, valor, accion, encuesta_definicion) VALUES (164, 61, 437, 638, 'es_igual_a', 532, 'mostrar', 1054);
INSERT INTO sge_pregunta_dependencia_definicion (dependencia_definicion, pregunta_dependencia, bloque, pregunta, condicion, valor, accion, encuesta_definicion) VALUES (165, 62, 437, 639, 'es_igual_a', 532, 'mostrar', 1056);
INSERT INTO sge_pregunta_dependencia_definicion (dependencia_definicion, pregunta_dependencia, bloque, pregunta, condicion, valor, accion, encuesta_definicion) VALUES (166, 63, 438, 597, 'es_igual_a', 640, 'mostrar', 1059);
INSERT INTO sge_pregunta_dependencia_definicion (dependencia_definicion, pregunta_dependencia, bloque, pregunta, condicion, valor, accion, encuesta_definicion) VALUES (167, 63, 438, 598, 'es_igual_a', 640, 'mostrar', 1060);
INSERT INTO sge_pregunta_dependencia_definicion (dependencia_definicion, pregunta_dependencia, bloque, pregunta, condicion, valor, accion, encuesta_definicion) VALUES (168, 63, 438, 644, 'es_igual_a', 642, 'mostrar', 1058);
INSERT INTO sge_pregunta_dependencia_definicion (dependencia_definicion, pregunta_dependencia, bloque, pregunta, condicion, valor, accion, encuesta_definicion) VALUES (169, 64, 440, 609, 'es_igual_a', 518, 'mostrar', 1071);
INSERT INTO sge_pregunta_dependencia_definicion (dependencia_definicion, pregunta_dependencia, bloque, pregunta, condicion, valor, accion, encuesta_definicion) VALUES (173, 65, 441, 616, 'es_igual_a', 518, 'mostrar', 1078);
INSERT INTO sge_pregunta_dependencia_definicion (dependencia_definicion, pregunta_dependencia, bloque, pregunta, condicion, valor, accion, encuesta_definicion) VALUES (174, 66, 441, 617, 'es_igual_a', 61, 'mostrar', 1079);
INSERT INTO sge_pregunta_dependencia_definicion (dependencia_definicion, pregunta_dependencia, bloque, pregunta, condicion, valor, accion, encuesta_definicion) VALUES (175, 67, 442, 629, 'es_igual_a', 518, 'mostrar', 1087);
INSERT INTO sge_pregunta_dependencia_definicion (dependencia_definicion, pregunta_dependencia, bloque, pregunta, condicion, valor, accion, encuesta_definicion) VALUES (176, 67, 442, 630, 'es_igual_a', 518, 'mostrar', 1088);
INSERT INTO sge_pregunta_dependencia_definicion (dependencia_definicion, pregunta_dependencia, bloque, pregunta, condicion, valor, accion, encuesta_definicion) VALUES (177, 69, 438, 597, 'es_igual_a', 518, 'mostrar', 1060);

--
-- Inicio Bloque Discapacidad
--

INSERT INTO sge_pregunta (pregunta, nombre, componente_numero, tabla_asociada, tabla_asociada_codigo, tabla_asociada_descripcion, tabla_asociada_orden_campo, tabla_asociada_orden_tipo, descripcion_resumida, ayuda, oculta, visualizacion_horizontal, unidad_gestion) VALUES ('713', 'Discapacidad', '5', '', NULL, NULL, NULL, NULL, 'Discapacidad', NULL, 'N', 'N', 0);
INSERT INTO sge_pregunta (pregunta, nombre, componente_numero, tabla_asociada, tabla_asociada_codigo, tabla_asociada_descripcion, tabla_asociada_orden_campo, tabla_asociada_orden_tipo, descripcion_resumida, ayuda, oculta, visualizacion_horizontal, unidad_gestion) VALUES ('714', '¿Tenés dificultad para oír, incluso si usás un audífono o implante coclear?', '3', '', NULL, NULL, NULL, NULL, 'Dificultad para oír', NULL, 'N', 'N', 0);
INSERT INTO sge_pregunta (pregunta, nombre, componente_numero, tabla_asociada, tabla_asociada_codigo, tabla_asociada_descripcion, tabla_asociada_orden_campo, tabla_asociada_orden_tipo, descripcion_resumida, ayuda, oculta, visualizacion_horizontal, unidad_gestion) VALUES ('715', 'Condición de Discapacidad', '2', '', NULL, NULL, NULL, NULL, 'Condición de Discapacidad', NULL, 'N', 'N', 0);
INSERT INTO sge_pregunta (pregunta, nombre, componente_numero, tabla_asociada, tabla_asociada_codigo, tabla_asociada_descripcion, tabla_asociada_orden_campo, tabla_asociada_orden_tipo, descripcion_resumida, ayuda, oculta, visualizacion_horizontal, unidad_gestion) VALUES ('716', '¿Cuál es tu forma habitual de comunicación?', '5', '', NULL, NULL, NULL, NULL, 'Forma habitual comunicación', NULL, 'N', 'N', 0);
INSERT INTO sge_pregunta (pregunta, nombre, componente_numero, tabla_asociada, tabla_asociada_codigo, tabla_asociada_descripcion, tabla_asociada_orden_campo, tabla_asociada_orden_tipo, descripcion_resumida, ayuda, oculta, visualizacion_horizontal, unidad_gestion) VALUES ('717', 'Otra forma', '1', '', NULL, NULL, NULL, NULL, 'Otra forma de comunicación', NULL, 'N', 'N', 0);
INSERT INTO sge_pregunta (pregunta, nombre, componente_numero, tabla_asociada, tabla_asociada_codigo, tabla_asociada_descripcion, tabla_asociada_orden_campo, tabla_asociada_orden_tipo, descripcion_resumida, ayuda, oculta, visualizacion_horizontal, unidad_gestion) VALUES ('718', 'Alguna otra información que consideres importante comunicar', '8', '', NULL, NULL, NULL, NULL, 'Otra información importante', NULL, 'N', 'N', 0);
INSERT INTO sge_pregunta (pregunta, nombre, componente_numero, tabla_asociada, tabla_asociada_codigo, tabla_asociada_descripcion, tabla_asociada_orden_campo, tabla_asociada_orden_tipo, descripcion_resumida, ayuda, oculta, visualizacion_horizontal, unidad_gestion) VALUES ('719', 'MOTORA', '7', '', NULL, NULL, NULL, NULL, 'Motora', NULL, 'N', 'N', 0);
INSERT INTO sge_pregunta (pregunta, nombre, componente_numero, tabla_asociada, tabla_asociada_codigo, tabla_asociada_descripcion, tabla_asociada_orden_campo, tabla_asociada_orden_tipo, descripcion_resumida, ayuda, oculta, visualizacion_horizontal, unidad_gestion) VALUES ('720', 'Especificar cuáles', '8', '', NULL, NULL, NULL, NULL, 'Especificar cuáles', 'Si requerís de otros apoyos, especificar cuáles', 'N', 'N', 0);
INSERT INTO sge_pregunta (pregunta, nombre, componente_numero, tabla_asociada, tabla_asociada_codigo, tabla_asociada_descripcion, tabla_asociada_orden_campo, tabla_asociada_orden_tipo, descripcion_resumida, ayuda, oculta, visualizacion_horizontal, unidad_gestion) VALUES ('721', '¿Requerís Intérprete de Lengua de Señas Argentina?', '2', '', NULL, NULL, NULL, NULL, '¿Intérprete Leng. Señas Arg.?', NULL, 'N', 'S', 0);
INSERT INTO sge_pregunta (pregunta, nombre, componente_numero, tabla_asociada, tabla_asociada_codigo, tabla_asociada_descripcion, tabla_asociada_orden_campo, tabla_asociada_orden_tipo, descripcion_resumida, ayuda, oculta, visualizacion_horizontal, unidad_gestion) VALUES ('722', '¿Requerís Aro magnético?', '2', '', NULL, NULL, NULL, NULL, '¿Requerís Aro magnético?', NULL, 'N', 'S', 0);
INSERT INTO sge_pregunta (pregunta, nombre, componente_numero, tabla_asociada, tabla_asociada_codigo, tabla_asociada_descripcion, tabla_asociada_orden_campo, tabla_asociada_orden_tipo, descripcion_resumida, ayuda, oculta, visualizacion_horizontal, unidad_gestion) VALUES ('723', '¿Requerís otros apoyos?', '2', '', NULL, NULL, NULL, NULL, '¿Requerís otros apoyos?', NULL, 'N', 'S', 0);
INSERT INTO sge_pregunta (pregunta, nombre, componente_numero, tabla_asociada, tabla_asociada_codigo, tabla_asociada_descripcion, tabla_asociada_orden_campo, tabla_asociada_orden_tipo, descripcion_resumida, ayuda, oculta, visualizacion_horizontal, unidad_gestion) VALUES ('724', '¿Tenés CUD?', '2', '', NULL, NULL, NULL, NULL, '¿Tenés CUD?', NULL, 'N', 'S', 0);
INSERT INTO sge_pregunta (pregunta, nombre, componente_numero, tabla_asociada, tabla_asociada_codigo, tabla_asociada_descripcion, tabla_asociada_orden_campo, tabla_asociada_orden_tipo, descripcion_resumida, ayuda, oculta, visualizacion_horizontal, unidad_gestion) VALUES ('725', '¿Tenés dificultad para ver, incluso si usás lentes?', '3', '', NULL, NULL, NULL, NULL, 'Dificultad para ver', NULL, 'N', 'N', 0);
INSERT INTO sge_pregunta (pregunta, nombre, componente_numero, tabla_asociada, tabla_asociada_codigo, tabla_asociada_descripcion, tabla_asociada_orden_campo, tabla_asociada_orden_tipo, descripcion_resumida, ayuda, oculta, visualizacion_horizontal, unidad_gestion) VALUES ('726', '<p><span style="font-size:14px;"><u><strong><span style="font-family:Arial,Helvetica,sans-serif;">Apoyos que requer&iacute;s</span></strong></u></span></p>', '22', '', NULL, NULL, NULL, NULL, 'Apoyos que requerís 2', NULL, 'N', 'N', 0);
INSERT INTO sge_pregunta (pregunta, nombre, componente_numero, tabla_asociada, tabla_asociada_codigo, tabla_asociada_descripcion, tabla_asociada_orden_campo, tabla_asociada_orden_tipo, descripcion_resumida, ayuda, oculta, visualizacion_horizontal, unidad_gestion) VALUES ('727', '¿Qué apoyos utilizás en tu vida diaria?', '8', '', NULL, NULL, NULL, NULL, 'Apoyos en tu vida diaria', NULL, 'N', 'N', 0);
INSERT INTO sge_pregunta (pregunta, nombre, componente_numero, tabla_asociada, tabla_asociada_codigo, tabla_asociada_descripcion, tabla_asociada_orden_campo, tabla_asociada_orden_tipo, descripcion_resumida, ayuda, oculta, visualizacion_horizontal, unidad_gestion) VALUES ('728', '¿Requerís Archivos de audio?', '2', '', NULL, NULL, NULL, NULL, '¿Requerís Archivos de audio?', NULL, 'N', 'S', 0);
INSERT INTO sge_pregunta (pregunta, nombre, componente_numero, tabla_asociada, tabla_asociada_codigo, tabla_asociada_descripcion, tabla_asociada_orden_campo, tabla_asociada_orden_tipo, descripcion_resumida, ayuda, oculta, visualizacion_horizontal, unidad_gestion) VALUES ('729', '¿Requerís Texto digital accesible?', '2', '', NULL, NULL, NULL, NULL, '¿Texto digital accesible?', NULL, 'N', 'S', 0);
INSERT INTO sge_pregunta (pregunta, nombre, componente_numero, tabla_asociada, tabla_asociada_codigo, tabla_asociada_descripcion, tabla_asociada_orden_campo, tabla_asociada_orden_tipo, descripcion_resumida, ayuda, oculta, visualizacion_horizontal, unidad_gestion) VALUES ('730', '¿Requerís Texto en Braille?', '2', '', NULL, NULL, NULL, NULL, '¿Requerís Texto en Braille?', NULL, 'N', 'S', 0);
INSERT INTO sge_pregunta (pregunta, nombre, componente_numero, tabla_asociada, tabla_asociada_codigo, tabla_asociada_descripcion, tabla_asociada_orden_campo, tabla_asociada_orden_tipo, descripcion_resumida, ayuda, oculta, visualizacion_horizontal, unidad_gestion) VALUES ('731', '¿Requerís otros apoyos?', '2', '', NULL, NULL, NULL, NULL, '¿Requerís otros apoyos?', NULL, 'N', 'S', 0);
INSERT INTO sge_pregunta (pregunta, nombre, componente_numero, tabla_asociada, tabla_asociada_codigo, tabla_asociada_descripcion, tabla_asociada_orden_campo, tabla_asociada_orden_tipo, descripcion_resumida, ayuda, oculta, visualizacion_horizontal, unidad_gestion) VALUES ('732', 'Especificar cuáles', '8', '', NULL, NULL, NULL, NULL, 'Especificar cuáles', 'Si requerís de otros apoyos, especificar cuáles', 'N', 'N', 0);
INSERT INTO sge_pregunta (pregunta, nombre, componente_numero, tabla_asociada, tabla_asociada_codigo, tabla_asociada_descripcion, tabla_asociada_orden_campo, tabla_asociada_orden_tipo, descripcion_resumida, ayuda, oculta, visualizacion_horizontal, unidad_gestion) VALUES ('733', '<p><span style="font-size:14px;"><span style="font-family:Arial,Helvetica,sans-serif;"><u><strong>Apoyos que requer&iacute;s</strong></u></span></span></p>', '22', '', NULL, NULL, NULL, NULL, 'Apoyos que requerís', NULL, 'N', 'N', 0);
INSERT INTO sge_pregunta (pregunta, nombre, componente_numero, tabla_asociada, tabla_asociada_codigo, tabla_asociada_descripcion, tabla_asociada_orden_campo, tabla_asociada_orden_tipo, descripcion_resumida, ayuda, oculta, visualizacion_horizontal, unidad_gestion) VALUES ('734', '____________________________________________________________', '7', '', NULL, NULL, NULL, NULL, '______________________________', NULL, 'N', 'N', 0);
INSERT INTO sge_pregunta (pregunta, nombre, componente_numero, tabla_asociada, tabla_asociada_codigo, tabla_asociada_descripcion, tabla_asociada_orden_campo, tabla_asociada_orden_tipo, descripcion_resumida, ayuda, oculta, visualizacion_horizontal, unidad_gestion) VALUES ('735', '____________________________________________________________', '7', '', NULL, NULL, NULL, NULL, '______________________________', NULL, 'N', 'N', 0);
INSERT INTO sge_pregunta (pregunta, nombre, componente_numero, tabla_asociada, tabla_asociada_codigo, tabla_asociada_descripcion, tabla_asociada_orden_campo, tabla_asociada_orden_tipo, descripcion_resumida, ayuda, oculta, visualizacion_horizontal, unidad_gestion) VALUES ('736', '____________________________________________________________', '7', '', NULL, NULL, NULL, NULL, '______________________________', NULL, 'N', 'N', 0);
INSERT INTO sge_pregunta (pregunta, nombre, componente_numero, tabla_asociada, tabla_asociada_codigo, tabla_asociada_descripcion, tabla_asociada_orden_campo, tabla_asociada_orden_tipo, descripcion_resumida, ayuda, oculta, visualizacion_horizontal, unidad_gestion) VALUES ('737', '____________________________________________________________', '7', '', NULL, NULL, NULL, NULL, '______________________________', NULL, 'N', 'N', 0);
INSERT INTO sge_pregunta (pregunta, nombre, componente_numero, tabla_asociada, tabla_asociada_codigo, tabla_asociada_descripcion, tabla_asociada_orden_campo, tabla_asociada_orden_tipo, descripcion_resumida, ayuda, oculta, visualizacion_horizontal, unidad_gestion) VALUES ('738', 'VISUAL', '7', '', NULL, NULL, NULL, NULL, 'Visual', NULL, 'N', 'N', 0);
INSERT INTO sge_pregunta (pregunta, nombre, componente_numero, tabla_asociada, tabla_asociada_codigo, tabla_asociada_descripcion, tabla_asociada_orden_campo, tabla_asociada_orden_tipo, descripcion_resumida, ayuda, oculta, visualizacion_horizontal, unidad_gestion) VALUES ('739', '¿Requerís apoyos para la permanencia en el aula?', '2', '', NULL, NULL, NULL, NULL, '¿Requerís apoyos para la perma', NULL, 'N', 'S', 0);
INSERT INTO sge_pregunta (pregunta, nombre, componente_numero, tabla_asociada, tabla_asociada_codigo, tabla_asociada_descripcion, tabla_asociada_orden_campo, tabla_asociada_orden_tipo, descripcion_resumida, ayuda, oculta, visualizacion_horizontal, unidad_gestion) VALUES ('740', '¿Requerís otros apoyos?', '2', '', NULL, NULL, NULL, NULL, '¿Requerís otros apoyos?', NULL, 'N', 'S', 0);
INSERT INTO sge_pregunta (pregunta, nombre, componente_numero, tabla_asociada, tabla_asociada_codigo, tabla_asociada_descripcion, tabla_asociada_orden_campo, tabla_asociada_orden_tipo, descripcion_resumida, ayuda, oculta, visualizacion_horizontal, unidad_gestion) VALUES ('741', 'Especificar cuáles', '8', '', NULL, NULL, NULL, NULL, 'Especificar cuáles', 'Si requerís de otros apoyos, especificar cuáles', 'N', 'N', 0);
INSERT INTO sge_pregunta (pregunta, nombre, componente_numero, tabla_asociada, tabla_asociada_codigo, tabla_asociada_descripcion, tabla_asociada_orden_campo, tabla_asociada_orden_tipo, descripcion_resumida, ayuda, oculta, visualizacion_horizontal, unidad_gestion) VALUES ('742', 'CONDICIÓN PSICOSOCIAL', '7', '', NULL, NULL, NULL, NULL, 'Condición Psicosocial', NULL, 'N', 'N', 0);
INSERT INTO sge_pregunta (pregunta, nombre, componente_numero, tabla_asociada, tabla_asociada_codigo, tabla_asociada_descripcion, tabla_asociada_orden_campo, tabla_asociada_orden_tipo, descripcion_resumida, ayuda, oculta, visualizacion_horizontal, unidad_gestion) VALUES ('743', '¿Cuál?', '8', '', NULL, NULL, NULL, NULL, '¿Cuál?', NULL, 'N', 'N', 0);
INSERT INTO sge_pregunta (pregunta, nombre, componente_numero, tabla_asociada, tabla_asociada_codigo, tabla_asociada_descripcion, tabla_asociada_orden_campo, tabla_asociada_orden_tipo, descripcion_resumida, ayuda, oculta, visualizacion_horizontal, unidad_gestion) VALUES ('744', '<p><span style="font-size:14px;"><span style="font-family:Arial,Helvetica,sans-serif;"><u><strong>Apoyos que requer&iacute;s</strong></u></span></span></p>', '22', '', NULL, NULL, NULL, NULL, 'Apoyos que requerís', NULL, 'N', 'N', 0);
INSERT INTO sge_pregunta (pregunta, nombre, componente_numero, tabla_asociada, tabla_asociada_codigo, tabla_asociada_descripcion, tabla_asociada_orden_campo, tabla_asociada_orden_tipo, descripcion_resumida, ayuda, oculta, visualizacion_horizontal, unidad_gestion) VALUES ('745', '¿Qué apoyos utilizás en tu vida diaria?', '8', '', NULL, NULL, NULL, NULL, 'Apoyos en tu vida diaria', NULL, 'N', 'N', 0);
INSERT INTO sge_pregunta (pregunta, nombre, componente_numero, tabla_asociada, tabla_asociada_codigo, tabla_asociada_descripcion, tabla_asociada_orden_campo, tabla_asociada_orden_tipo, descripcion_resumida, ayuda, oculta, visualizacion_horizontal, unidad_gestion) VALUES ('746', '¿Qué apoyos utilizás en tu vida diaria?', '8', '', NULL, NULL, NULL, NULL, 'Apoyos en tu vida diaria', NULL, 'N', 'N', 0);
INSERT INTO sge_pregunta (pregunta, nombre, componente_numero, tabla_asociada, tabla_asociada_codigo, tabla_asociada_descripcion, tabla_asociada_orden_campo, tabla_asociada_orden_tipo, descripcion_resumida, ayuda, oculta, visualizacion_horizontal, unidad_gestion) VALUES ('747', '¿Qué apoyos utilizás en tu vida diaria?', '8', '', NULL, NULL, NULL, NULL, 'Apoyos en tu vida diaria', NULL, 'N', 'N', 0);
INSERT INTO sge_pregunta (pregunta, nombre, componente_numero, tabla_asociada, tabla_asociada_codigo, tabla_asociada_descripcion, tabla_asociada_orden_campo, tabla_asociada_orden_tipo, descripcion_resumida, ayuda, oculta, visualizacion_horizontal, unidad_gestion) VALUES ('748', '¿Requerís otros apoyos?', '2', '', NULL, NULL, NULL, NULL, '¿Requerís otros apoyos?', NULL, 'N', 'S', 0);
INSERT INTO sge_pregunta (pregunta, nombre, componente_numero, tabla_asociada, tabla_asociada_codigo, tabla_asociada_descripcion, tabla_asociada_orden_campo, tabla_asociada_orden_tipo, descripcion_resumida, ayuda, oculta, visualizacion_horizontal, unidad_gestion) VALUES ('749', 'Especificar cuáles', '8', '', NULL, NULL, NULL, NULL, 'Especificar cuáles', 'Si requerís de otros apoyos, especificar cuáles', 'N', 'N', 0);
INSERT INTO sge_pregunta (pregunta, nombre, componente_numero, tabla_asociada, tabla_asociada_codigo, tabla_asociada_descripcion, tabla_asociada_orden_campo, tabla_asociada_orden_tipo, descripcion_resumida, ayuda, oculta, visualizacion_horizontal, unidad_gestion) VALUES ('750', 'OTRA SITUACIÓN DE DISCAPACIDAD', '7', '', NULL, NULL, NULL, NULL, 'Otra situación de discapacidad', NULL, 'N', 'N', 0);
INSERT INTO sge_pregunta (pregunta, nombre, componente_numero, tabla_asociada, tabla_asociada_codigo, tabla_asociada_descripcion, tabla_asociada_orden_campo, tabla_asociada_orden_tipo, descripcion_resumida, ayuda, oculta, visualizacion_horizontal, unidad_gestion) VALUES ('751', '¿Cuál/cuáles?', '8', '', NULL, NULL, NULL, NULL, '¿Cuál/cuáles?', NULL, 'N', 'N', 0);
INSERT INTO sge_pregunta (pregunta, nombre, componente_numero, tabla_asociada, tabla_asociada_codigo, tabla_asociada_descripcion, tabla_asociada_orden_campo, tabla_asociada_orden_tipo, descripcion_resumida, ayuda, oculta, visualizacion_horizontal, unidad_gestion) VALUES ('752', '¿Requiere otros apoyos?', '2', '', NULL, NULL, NULL, NULL, '¿Requiere otros apoyos?', NULL, 'N', 'S', 0);
INSERT INTO sge_pregunta (pregunta, nombre, componente_numero, tabla_asociada, tabla_asociada_codigo, tabla_asociada_descripcion, tabla_asociada_orden_campo, tabla_asociada_orden_tipo, descripcion_resumida, ayuda, oculta, visualizacion_horizontal, unidad_gestion) VALUES ('753', 'Especificar cuáles', '8', '', NULL, NULL, NULL, NULL, 'Especificar cuáles', 'Si requerís de otros apoyos, especificar cuáles', 'N', 'N', 0);
INSERT INTO sge_pregunta (pregunta, nombre, componente_numero, tabla_asociada, tabla_asociada_codigo, tabla_asociada_descripcion, tabla_asociada_orden_campo, tabla_asociada_orden_tipo, descripcion_resumida, ayuda, oculta, visualizacion_horizontal, unidad_gestion) VALUES ('754', '____________________________________________________________', '7', '', NULL, NULL, NULL, NULL, '______________________________', NULL, 'N', 'N', 0);
INSERT INTO sge_pregunta (pregunta, nombre, componente_numero, tabla_asociada, tabla_asociada_codigo, tabla_asociada_descripcion, tabla_asociada_orden_campo, tabla_asociada_orden_tipo, descripcion_resumida, ayuda, oculta, visualizacion_horizontal, unidad_gestion) VALUES ('755', 'AUDITIVA', '7', '', NULL, NULL, NULL, NULL, 'Auditiva', NULL, 'N', 'N', 0);
INSERT INTO sge_pregunta (pregunta, nombre, componente_numero, tabla_asociada, tabla_asociada_codigo, tabla_asociada_descripcion, tabla_asociada_orden_campo, tabla_asociada_orden_tipo, descripcion_resumida, ayuda, oculta, visualizacion_horizontal, unidad_gestion) VALUES ('756', '<p><span style="font-size:14px;"><span style="font-family:Arial,Helvetica,sans-serif;"><u><strong>Apoyos que requer&iacute;s</strong></u></span></span></p>', '22', '', NULL, NULL, NULL, NULL, 'Apoyos que requerís', NULL, 'N', 'N', 0);
INSERT INTO sge_pregunta (pregunta, nombre, componente_numero, tabla_asociada, tabla_asociada_codigo, tabla_asociada_descripcion, tabla_asociada_orden_campo, tabla_asociada_orden_tipo, descripcion_resumida, ayuda, oculta, visualizacion_horizontal, unidad_gestion) VALUES ('757', '____________________________________________________________', '7', '', NULL, NULL, NULL, NULL, '______________________________', NULL, 'N', 'N', 0);
INSERT INTO sge_pregunta (pregunta, nombre, componente_numero, tabla_asociada, tabla_asociada_codigo, tabla_asociada_descripcion, tabla_asociada_orden_campo, tabla_asociada_orden_tipo, descripcion_resumida, ayuda, oculta, visualizacion_horizontal, unidad_gestion) VALUES ('758', 'OTRA INFORMACIÓN', '7', '', NULL, NULL, NULL, NULL, 'OTRA INFORMACIÓN', NULL, 'N', 'N', 0);
INSERT INTO sge_pregunta (pregunta, nombre, componente_numero, tabla_asociada, tabla_asociada_codigo, tabla_asociada_descripcion, tabla_asociada_orden_campo, tabla_asociada_orden_tipo, descripcion_resumida, ayuda, oculta, visualizacion_horizontal, unidad_gestion) VALUES ('759', '¿Cuáles?', '8', '', NULL, NULL, NULL, NULL, '¿Cuáles?', 'Si requerís de apoyos para la permanencia en el aula, especificá cuáles', 'N', 'N', 0);

INSERT INTO sge_respuesta (valor_tabulado, respuesta, unidad_gestion) VALUES ('Condición Psicosocial', '3094', 0);
INSERT INTO sge_respuesta (valor_tabulado, respuesta, unidad_gestion) VALUES ('Sí, mucha dificultad', '3095', 0);
INSERT INTO sge_respuesta (valor_tabulado, respuesta, unidad_gestion) VALUES ('No puedo hacerlo en absoluto', '3096', 0);
INSERT INTO sge_respuesta (valor_tabulado, respuesta, unidad_gestion) VALUES ('Auditiva', '3097', 0);
INSERT INTO sge_respuesta (valor_tabulado, respuesta, unidad_gestion) VALUES ('No', '3098', 0);
INSERT INTO sge_respuesta (valor_tabulado, respuesta, unidad_gestion) VALUES ('Declaro condición de discapacidad', '3083', 0);
INSERT INTO sge_respuesta (valor_tabulado, respuesta, unidad_gestion) VALUES ('Lectura labial', '3084', 0);
INSERT INTO sge_respuesta (valor_tabulado, respuesta, unidad_gestion) VALUES ('Motora', '3085', 0);
INSERT INTO sge_respuesta (valor_tabulado, respuesta, unidad_gestion) VALUES ('Lengua de Señas', '3086', 0);
INSERT INTO sge_respuesta (valor_tabulado, respuesta, unidad_gestion) VALUES ('No presento ninguna condición que implique Discapacidad', '3087', 0);
INSERT INTO sge_respuesta (valor_tabulado, respuesta, unidad_gestion) VALUES ('Otra forma', '3088', 0);
INSERT INTO sge_respuesta (valor_tabulado, respuesta, unidad_gestion) VALUES ('Sí, alguna dificultad', '3089', 0);
INSERT INTO sge_respuesta (valor_tabulado, respuesta, unidad_gestion) VALUES ('Visual', '3090', 0);
INSERT INTO sge_respuesta (valor_tabulado, respuesta, unidad_gestion) VALUES ('Otra', '3091', 0);
INSERT INTO sge_respuesta (valor_tabulado, respuesta, unidad_gestion) VALUES ('Sí', '3092', 0);
INSERT INTO sge_respuesta (valor_tabulado, respuesta, unidad_gestion) VALUES ('No, no hay dificultad', '3093', 0);

INSERT INTO sge_pregunta_respuesta (pregunta, respuesta, orden) VALUES ('715', '3087', '1');
INSERT INTO sge_pregunta_respuesta (pregunta, respuesta, orden) VALUES ('715', '3083', '2');
INSERT INTO sge_pregunta_respuesta (pregunta, respuesta, orden) VALUES ('713', '3097', '1');
INSERT INTO sge_pregunta_respuesta (pregunta, respuesta, orden) VALUES ('713', '3090', '2');
INSERT INTO sge_pregunta_respuesta (pregunta, respuesta, orden) VALUES ('713', '3085', '3');
INSERT INTO sge_pregunta_respuesta (pregunta, respuesta, orden) VALUES ('713', '3094', '4');
INSERT INTO sge_pregunta_respuesta (pregunta, respuesta, orden) VALUES ('713', '3091', '5');
INSERT INTO sge_pregunta_respuesta (pregunta, respuesta, orden) VALUES ('714', '3093', '1');
INSERT INTO sge_pregunta_respuesta (pregunta, respuesta, orden) VALUES ('714', '3096', '4');
INSERT INTO sge_pregunta_respuesta (pregunta, respuesta, orden) VALUES ('714', '3095', '3');
INSERT INTO sge_pregunta_respuesta (pregunta, respuesta, orden) VALUES ('714', '3089', '2');
INSERT INTO sge_pregunta_respuesta (pregunta, respuesta, orden) VALUES ('716', '3086', '1');
INSERT INTO sge_pregunta_respuesta (pregunta, respuesta, orden) VALUES ('716', '3084', '2');
INSERT INTO sge_pregunta_respuesta (pregunta, respuesta, orden) VALUES ('724', '3092', '1');
INSERT INTO sge_pregunta_respuesta (pregunta, respuesta, orden) VALUES ('724', '3098', '2');
INSERT INTO sge_pregunta_respuesta (pregunta, respuesta, orden) VALUES ('721', '3092', '1');
INSERT INTO sge_pregunta_respuesta (pregunta, respuesta, orden) VALUES ('721', '3098', '2');
INSERT INTO sge_pregunta_respuesta (pregunta, respuesta, orden) VALUES ('722', '3092', '1');
INSERT INTO sge_pregunta_respuesta (pregunta, respuesta, orden) VALUES ('722', '3098', '2');
INSERT INTO sge_pregunta_respuesta (pregunta, respuesta, orden) VALUES ('723', '3092', '1');
INSERT INTO sge_pregunta_respuesta (pregunta, respuesta, orden) VALUES ('723', '3098', '2');
INSERT INTO sge_pregunta_respuesta (pregunta, respuesta, orden) VALUES ('716', '3088', '3');
INSERT INTO sge_pregunta_respuesta (pregunta, respuesta, orden) VALUES ('725', '3093', '1');
INSERT INTO sge_pregunta_respuesta (pregunta, respuesta, orden) VALUES ('725', '3089', '2');
INSERT INTO sge_pregunta_respuesta (pregunta, respuesta, orden) VALUES ('725', '3095', '3');
INSERT INTO sge_pregunta_respuesta (pregunta, respuesta, orden) VALUES ('725', '3096', '4');
INSERT INTO sge_pregunta_respuesta (pregunta, respuesta, orden) VALUES ('728', '3092', '1');
INSERT INTO sge_pregunta_respuesta (pregunta, respuesta, orden) VALUES ('728', '3098', '2');
INSERT INTO sge_pregunta_respuesta (pregunta, respuesta, orden) VALUES ('729', '3092', '1');
INSERT INTO sge_pregunta_respuesta (pregunta, respuesta, orden) VALUES ('729', '3098', '2');
INSERT INTO sge_pregunta_respuesta (pregunta, respuesta, orden) VALUES ('730', '3092', '1');
INSERT INTO sge_pregunta_respuesta (pregunta, respuesta, orden) VALUES ('730', '3098', '2');
INSERT INTO sge_pregunta_respuesta (pregunta, respuesta, orden) VALUES ('731', '3092', '1');
INSERT INTO sge_pregunta_respuesta (pregunta, respuesta, orden) VALUES ('731', '3098', '2');
INSERT INTO sge_pregunta_respuesta (pregunta, respuesta, orden) VALUES ('739', '3092', '1');
INSERT INTO sge_pregunta_respuesta (pregunta, respuesta, orden) VALUES ('739', '3098', '2');
INSERT INTO sge_pregunta_respuesta (pregunta, respuesta, orden) VALUES ('740', '3092', '1');
INSERT INTO sge_pregunta_respuesta (pregunta, respuesta, orden) VALUES ('740', '3098', '2');
INSERT INTO sge_pregunta_respuesta (pregunta, respuesta, orden) VALUES ('748', '3092', '1');
INSERT INTO sge_pregunta_respuesta (pregunta, respuesta, orden) VALUES ('748', '3098', '2');
INSERT INTO sge_pregunta_respuesta (pregunta, respuesta, orden) VALUES ('752', '3092', '1');
INSERT INTO sge_pregunta_respuesta (pregunta, respuesta, orden) VALUES ('752', '3098', '2');

INSERT INTO sge_bloque (nombre, descripcion, orden, bloque) VALUES ('CONDICIÓN DE DISCAPACIDAD', NULL, '13', '426');
INSERT INTO sge_bloque (nombre, descripcion, orden, bloque) VALUES ('DISCAPACIDAD', NULL, '14', '427');

INSERT INTO sge_encuesta_definicion (encuesta_definicion, encuesta, bloque, pregunta, orden, obligatoria) VALUES ('900', '12', '427', '759', '28', 'N');
INSERT INTO sge_encuesta_definicion (encuesta_definicion, encuesta, bloque, pregunta, orden, obligatoria) VALUES ('901', '12', '427', '758', '44', 'N');
INSERT INTO sge_encuesta_definicion (encuesta_definicion, encuesta, bloque, pregunta, orden, obligatoria) VALUES ('902', '12', '427', '757', '43', 'N');
INSERT INTO sge_encuesta_definicion (encuesta_definicion, encuesta, bloque, pregunta, orden, obligatoria) VALUES ('903', '12', '427', '718', '45', 'N');
INSERT INTO sge_encuesta_definicion (encuesta_definicion, encuesta, bloque, pregunta, orden, obligatoria) VALUES ('904', '12', '427', '753', '42', 'N');
INSERT INTO sge_encuesta_definicion (encuesta_definicion, encuesta, bloque, pregunta, orden, obligatoria) VALUES ('905', '12', '427', '752', '41', 'N');
INSERT INTO sge_encuesta_definicion (encuesta_definicion, encuesta, bloque, pregunta, orden, obligatoria) VALUES ('906', '12', '427', '751', '40', 'N');
INSERT INTO sge_encuesta_definicion (encuesta_definicion, encuesta, bloque, pregunta, orden, obligatoria) VALUES ('907', '12', '427', '750', '39', 'N');
INSERT INTO sge_encuesta_definicion (encuesta_definicion, encuesta, bloque, pregunta, orden, obligatoria) VALUES ('908', '12', '427', '754', '38', 'N');
INSERT INTO sge_encuesta_definicion (encuesta_definicion, encuesta, bloque, pregunta, orden, obligatoria) VALUES ('909', '12', '427', '749', '37', 'N');
INSERT INTO sge_encuesta_definicion (encuesta_definicion, encuesta, bloque, pregunta, orden, obligatoria) VALUES ('910', '12', '427', '748', '36', 'N');
INSERT INTO sge_encuesta_definicion (encuesta_definicion, encuesta, bloque, pregunta, orden, obligatoria) VALUES ('911', '12', '427', '745', '35', 'N');
INSERT INTO sge_encuesta_definicion (encuesta_definicion, encuesta, bloque, pregunta, orden, obligatoria) VALUES ('912', '12', '427', '744', '34', 'N');
INSERT INTO sge_encuesta_definicion (encuesta_definicion, encuesta, bloque, pregunta, orden, obligatoria) VALUES ('913', '12', '427', '743', '33', 'N');
INSERT INTO sge_encuesta_definicion (encuesta_definicion, encuesta, bloque, pregunta, orden, obligatoria) VALUES ('914', '12', '427', '742', '32', 'N');
INSERT INTO sge_encuesta_definicion (encuesta_definicion, encuesta, bloque, pregunta, orden, obligatoria) VALUES ('915', '12', '427', '737', '31', 'N');
INSERT INTO sge_encuesta_definicion (encuesta_definicion, encuesta, bloque, pregunta, orden, obligatoria) VALUES ('916', '12', '427', '741', '30', 'N');
INSERT INTO sge_encuesta_definicion (encuesta_definicion, encuesta, bloque, pregunta, orden, obligatoria) VALUES ('917', '12', '427', '740', '29', 'N');
INSERT INTO sge_encuesta_definicion (encuesta_definicion, encuesta, bloque, pregunta, orden, obligatoria) VALUES ('918', '12', '427', '739', '27', 'N');
INSERT INTO sge_encuesta_definicion (encuesta_definicion, encuesta, bloque, pregunta, orden, obligatoria) VALUES ('919', '12', '427', '746', '26', 'N');
INSERT INTO sge_encuesta_definicion (encuesta_definicion, encuesta, bloque, pregunta, orden, obligatoria) VALUES ('920', '12', '427', '733', '25', 'N');
INSERT INTO sge_encuesta_definicion (encuesta_definicion, encuesta, bloque, pregunta, orden, obligatoria) VALUES ('921', '12', '427', '719', '24', 'N');
INSERT INTO sge_encuesta_definicion (encuesta_definicion, encuesta, bloque, pregunta, orden, obligatoria) VALUES ('922', '12', '427', '736', '23', 'N');
INSERT INTO sge_encuesta_definicion (encuesta_definicion, encuesta, bloque, pregunta, orden, obligatoria) VALUES ('923', '12', '427', '735', '13', 'N');
INSERT INTO sge_encuesta_definicion (encuesta_definicion, encuesta, bloque, pregunta, orden, obligatoria) VALUES ('924', '12', '427', '732', '22', 'N');
INSERT INTO sge_encuesta_definicion (encuesta_definicion, encuesta, bloque, pregunta, orden, obligatoria) VALUES ('925', '12', '427', '731', '21', 'N');
INSERT INTO sge_encuesta_definicion (encuesta_definicion, encuesta, bloque, pregunta, orden, obligatoria) VALUES ('926', '12', '427', '730', '20', 'N');
INSERT INTO sge_encuesta_definicion (encuesta_definicion, encuesta, bloque, pregunta, orden, obligatoria) VALUES ('927', '12', '427', '729', '19', 'N');
INSERT INTO sge_encuesta_definicion (encuesta_definicion, encuesta, bloque, pregunta, orden, obligatoria) VALUES ('928', '12', '427', '728', '18', 'N');
INSERT INTO sge_encuesta_definicion (encuesta_definicion, encuesta, bloque, pregunta, orden, obligatoria) VALUES ('929', '12', '427', '727', '17', 'N');
INSERT INTO sge_encuesta_definicion (encuesta_definicion, encuesta, bloque, pregunta, orden, obligatoria) VALUES ('930', '12', '427', '726', '16', 'N');
INSERT INTO sge_encuesta_definicion (encuesta_definicion, encuesta, bloque, pregunta, orden, obligatoria) VALUES ('931', '12', '427', '725', '15', 'N');
INSERT INTO sge_encuesta_definicion (encuesta_definicion, encuesta, bloque, pregunta, orden, obligatoria) VALUES ('932', '12', '427', '738', '14', 'N');
INSERT INTO sge_encuesta_definicion (encuesta_definicion, encuesta, bloque, pregunta, orden, obligatoria) VALUES ('933', '12', '427', '734', '2', 'N');
INSERT INTO sge_encuesta_definicion (encuesta_definicion, encuesta, bloque, pregunta, orden, obligatoria) VALUES ('934', '12', '427', '720', '12', 'N');
INSERT INTO sge_encuesta_definicion (encuesta_definicion, encuesta, bloque, pregunta, orden, obligatoria) VALUES ('935', '12', '427', '723', '11', 'N');
INSERT INTO sge_encuesta_definicion (encuesta_definicion, encuesta, bloque, pregunta, orden, obligatoria) VALUES ('936', '12', '427', '722', '10', 'N');
INSERT INTO sge_encuesta_definicion (encuesta_definicion, encuesta, bloque, pregunta, orden, obligatoria) VALUES ('937', '12', '427', '721', '9', 'N');
INSERT INTO sge_encuesta_definicion (encuesta_definicion, encuesta, bloque, pregunta, orden, obligatoria) VALUES ('938', '12', '427', '747', '8', 'N');
INSERT INTO sge_encuesta_definicion (encuesta_definicion, encuesta, bloque, pregunta, orden, obligatoria) VALUES ('939', '12', '427', '756', '7', 'N');
INSERT INTO sge_encuesta_definicion (encuesta_definicion, encuesta, bloque, pregunta, orden, obligatoria) VALUES ('940', '12', '427', '713', '1', 'N');
INSERT INTO sge_encuesta_definicion (encuesta_definicion, encuesta, bloque, pregunta, orden, obligatoria) VALUES ('941', '12', '427', '755', '3', 'N');
INSERT INTO sge_encuesta_definicion (encuesta_definicion, encuesta, bloque, pregunta, orden, obligatoria) VALUES ('942', '12', '427', '714', '4', 'N');
INSERT INTO sge_encuesta_definicion (encuesta_definicion, encuesta, bloque, pregunta, orden, obligatoria) VALUES ('943', '12', '427', '716', '5', 'N');
INSERT INTO sge_encuesta_definicion (encuesta_definicion, encuesta, bloque, pregunta, orden, obligatoria) VALUES ('944', '12', '427', '717', '6', 'N');
INSERT INTO sge_encuesta_definicion (encuesta_definicion, encuesta, bloque, pregunta, orden, obligatoria) VALUES ('945', '12', '426', '724', '2', 'N');
INSERT INTO sge_encuesta_definicion (encuesta_definicion, encuesta, bloque, pregunta, orden, obligatoria) VALUES ('946', '12', '426', '715', '1', 'N');

INSERT INTO sge_pregunta_dependencia (pregunta_dependencia, encuesta_definicion) VALUES ('41', '905');
INSERT INTO sge_pregunta_dependencia (pregunta_dependencia, encuesta_definicion) VALUES ('42', '910');
INSERT INTO sge_pregunta_dependencia (pregunta_dependencia, encuesta_definicion) VALUES ('43', '917');
INSERT INTO sge_pregunta_dependencia (pregunta_dependencia, encuesta_definicion) VALUES ('44', '918');
INSERT INTO sge_pregunta_dependencia (pregunta_dependencia, encuesta_definicion) VALUES ('45', '925');
INSERT INTO sge_pregunta_dependencia (pregunta_dependencia, encuesta_definicion) VALUES ('46', '935');
INSERT INTO sge_pregunta_dependencia (pregunta_dependencia, encuesta_definicion) VALUES ('47', '940');
INSERT INTO sge_pregunta_dependencia (pregunta_dependencia, encuesta_definicion) VALUES ('48', '940');
INSERT INTO sge_pregunta_dependencia (pregunta_dependencia, encuesta_definicion) VALUES ('49', '940');
INSERT INTO sge_pregunta_dependencia (pregunta_dependencia, encuesta_definicion) VALUES ('50', '940');
INSERT INTO sge_pregunta_dependencia (pregunta_dependencia, encuesta_definicion) VALUES ('51', '940');
INSERT INTO sge_pregunta_dependencia (pregunta_dependencia, encuesta_definicion) VALUES ('52', '943');
INSERT INTO sge_pregunta_dependencia (pregunta_dependencia, encuesta_definicion) VALUES ('53', '946');

INSERT INTO sge_pregunta_dependencia_definicion (dependencia_definicion, pregunta_dependencia, bloque, pregunta, condicion, valor, accion, encuesta_definicion) VALUES ('96', '41', '427', '753', 'es_igual_a', '3092', 'mostrar', '904');
INSERT INTO sge_pregunta_dependencia_definicion (dependencia_definicion, pregunta_dependencia, bloque, pregunta, condicion, valor, accion, encuesta_definicion) VALUES ('97', '42', '427', '749', 'es_igual_a', '3092', 'mostrar', '909');
INSERT INTO sge_pregunta_dependencia_definicion (dependencia_definicion, pregunta_dependencia, bloque, pregunta, condicion, valor, accion, encuesta_definicion) VALUES ('98', '43', '427', '741', 'es_igual_a', '3092', 'mostrar', '916');
INSERT INTO sge_pregunta_dependencia_definicion (dependencia_definicion, pregunta_dependencia, bloque, pregunta, condicion, valor, accion, encuesta_definicion) VALUES ('99', '44', '427', '759', 'es_igual_a', '3092', 'mostrar', '900');
INSERT INTO sge_pregunta_dependencia_definicion (dependencia_definicion, pregunta_dependencia, bloque, pregunta, condicion, valor, accion, encuesta_definicion) VALUES ('100', '45', '427', '732', 'es_igual_a', '3092', 'mostrar', '924');
INSERT INTO sge_pregunta_dependencia_definicion (dependencia_definicion, pregunta_dependencia, bloque, pregunta, condicion, valor, accion, encuesta_definicion) VALUES ('101', '46', '427', '720', 'es_igual_a', '3092', 'mostrar', '934');
INSERT INTO sge_pregunta_dependencia_definicion (dependencia_definicion, pregunta_dependencia, bloque, pregunta, condicion, valor, accion, encuesta_definicion) VALUES ('102', '47', '427', '720', 'es_igual_a', '3097', 'mostrar', '934');
INSERT INTO sge_pregunta_dependencia_definicion (dependencia_definicion, pregunta_dependencia, bloque, pregunta, condicion, valor, accion, encuesta_definicion) VALUES ('103', '47', '427', '723', 'es_igual_a', '3097', 'mostrar', '935');
INSERT INTO sge_pregunta_dependencia_definicion (dependencia_definicion, pregunta_dependencia, bloque, pregunta, condicion, valor, accion, encuesta_definicion) VALUES ('104', '47', '427', '722', 'es_igual_a', '3097', 'mostrar', '936');
INSERT INTO sge_pregunta_dependencia_definicion (dependencia_definicion, pregunta_dependencia, bloque, pregunta, condicion, valor, accion, encuesta_definicion) VALUES ('105', '47', '427', '721', 'es_igual_a', '3097', 'mostrar', '937');
INSERT INTO sge_pregunta_dependencia_definicion (dependencia_definicion, pregunta_dependencia, bloque, pregunta, condicion, valor, accion, encuesta_definicion) VALUES ('106', '47', '427', '747', 'es_igual_a', '3097', 'mostrar', '938');
INSERT INTO sge_pregunta_dependencia_definicion (dependencia_definicion, pregunta_dependencia, bloque, pregunta, condicion, valor, accion, encuesta_definicion) VALUES ('107', '47', '427', '756', 'es_igual_a', '3097', 'mostrar', '939');
INSERT INTO sge_pregunta_dependencia_definicion (dependencia_definicion, pregunta_dependencia, bloque, pregunta, condicion, valor, accion, encuesta_definicion) VALUES ('108', '47', '427', '717', 'es_igual_a', '3097', 'mostrar', '944');
INSERT INTO sge_pregunta_dependencia_definicion (dependencia_definicion, pregunta_dependencia, bloque, pregunta, condicion, valor, accion, encuesta_definicion) VALUES ('109', '47', '427', '716', 'es_igual_a', '3097', 'mostrar', '943');
INSERT INTO sge_pregunta_dependencia_definicion (dependencia_definicion, pregunta_dependencia, bloque, pregunta, condicion, valor, accion, encuesta_definicion) VALUES ('110', '47', '427', '714', 'es_igual_a', '3097', 'mostrar', '942');
INSERT INTO sge_pregunta_dependencia_definicion (dependencia_definicion, pregunta_dependencia, bloque, pregunta, condicion, valor, accion, encuesta_definicion) VALUES ('111', '47', '427', '755', 'es_igual_a', '3097', 'mostrar', '941');
INSERT INTO sge_pregunta_dependencia_definicion (dependencia_definicion, pregunta_dependencia, bloque, pregunta, condicion, valor, accion, encuesta_definicion) VALUES ('112', '47', '427', '734', 'es_igual_a', '3097', 'mostrar', '933');
INSERT INTO sge_pregunta_dependencia_definicion (dependencia_definicion, pregunta_dependencia, bloque, pregunta, condicion, valor, accion, encuesta_definicion) VALUES ('113', '48', '427', '753', 'es_igual_a', '3091', 'mostrar', '904');
INSERT INTO sge_pregunta_dependencia_definicion (dependencia_definicion, pregunta_dependencia, bloque, pregunta, condicion, valor, accion, encuesta_definicion) VALUES ('114', '48', '427', '752', 'es_igual_a', '3091', 'mostrar', '905');
INSERT INTO sge_pregunta_dependencia_definicion (dependencia_definicion, pregunta_dependencia, bloque, pregunta, condicion, valor, accion, encuesta_definicion) VALUES ('115', '48', '427', '751', 'es_igual_a', '3091', 'mostrar', '906');
INSERT INTO sge_pregunta_dependencia_definicion (dependencia_definicion, pregunta_dependencia, bloque, pregunta, condicion, valor, accion, encuesta_definicion) VALUES ('116', '48', '427', '750', 'es_igual_a', '3091', 'mostrar', '907');
INSERT INTO sge_pregunta_dependencia_definicion (dependencia_definicion, pregunta_dependencia, bloque, pregunta, condicion, valor, accion, encuesta_definicion) VALUES ('117', '48', '427', '754', 'es_igual_a', '3091', 'mostrar', '908');
INSERT INTO sge_pregunta_dependencia_definicion (dependencia_definicion, pregunta_dependencia, bloque, pregunta, condicion, valor, accion, encuesta_definicion) VALUES ('118', '49', '427', '744', 'es_igual_a', '3094', 'mostrar', '912');
INSERT INTO sge_pregunta_dependencia_definicion (dependencia_definicion, pregunta_dependencia, bloque, pregunta, condicion, valor, accion, encuesta_definicion) VALUES ('119', '49', '427', '749', 'es_igual_a', '3094', 'mostrar', '909');
INSERT INTO sge_pregunta_dependencia_definicion (dependencia_definicion, pregunta_dependencia, bloque, pregunta, condicion, valor, accion, encuesta_definicion) VALUES ('120', '49', '427', '748', 'es_igual_a', '3094', 'mostrar', '910');
INSERT INTO sge_pregunta_dependencia_definicion (dependencia_definicion, pregunta_dependencia, bloque, pregunta, condicion, valor, accion, encuesta_definicion) VALUES ('121', '49', '427', '745', 'es_igual_a', '3094', 'mostrar', '911');
INSERT INTO sge_pregunta_dependencia_definicion (dependencia_definicion, pregunta_dependencia, bloque, pregunta, condicion, valor, accion, encuesta_definicion) VALUES ('122', '49', '427', '743', 'es_igual_a', '3094', 'mostrar', '913');
INSERT INTO sge_pregunta_dependencia_definicion (dependencia_definicion, pregunta_dependencia, bloque, pregunta, condicion, valor, accion, encuesta_definicion) VALUES ('123', '49', '427', '742', 'es_igual_a', '3094', 'mostrar', '914');
INSERT INTO sge_pregunta_dependencia_definicion (dependencia_definicion, pregunta_dependencia, bloque, pregunta, condicion, valor, accion, encuesta_definicion) VALUES ('124', '49', '427', '737', 'es_igual_a', '3094', 'mostrar', '915');
INSERT INTO sge_pregunta_dependencia_definicion (dependencia_definicion, pregunta_dependencia, bloque, pregunta, condicion, valor, accion, encuesta_definicion) VALUES ('125', '50', '427', '759', 'es_igual_a', '3085', 'mostrar', '900');
INSERT INTO sge_pregunta_dependencia_definicion (dependencia_definicion, pregunta_dependencia, bloque, pregunta, condicion, valor, accion, encuesta_definicion) VALUES ('126', '50', '427', '733', 'es_igual_a', '3085', 'mostrar', '920');
INSERT INTO sge_pregunta_dependencia_definicion (dependencia_definicion, pregunta_dependencia, bloque, pregunta, condicion, valor, accion, encuesta_definicion) VALUES ('127', '50', '427', '741', 'es_igual_a', '3085', 'mostrar', '916');
INSERT INTO sge_pregunta_dependencia_definicion (dependencia_definicion, pregunta_dependencia, bloque, pregunta, condicion, valor, accion, encuesta_definicion) VALUES ('128', '50', '427', '740', 'es_igual_a', '3085', 'mostrar', '917');
INSERT INTO sge_pregunta_dependencia_definicion (dependencia_definicion, pregunta_dependencia, bloque, pregunta, condicion, valor, accion, encuesta_definicion) VALUES ('129', '50', '427', '739', 'es_igual_a', '3085', 'mostrar', '918');
INSERT INTO sge_pregunta_dependencia_definicion (dependencia_definicion, pregunta_dependencia, bloque, pregunta, condicion, valor, accion, encuesta_definicion) VALUES ('130', '50', '427', '746', 'es_igual_a', '3085', 'mostrar', '919');
INSERT INTO sge_pregunta_dependencia_definicion (dependencia_definicion, pregunta_dependencia, bloque, pregunta, condicion, valor, accion, encuesta_definicion) VALUES ('131', '50', '427', '719', 'es_igual_a', '3085', 'mostrar', '921');
INSERT INTO sge_pregunta_dependencia_definicion (dependencia_definicion, pregunta_dependencia, bloque, pregunta, condicion, valor, accion, encuesta_definicion) VALUES ('132', '50', '427', '736', 'es_igual_a', '3085', 'mostrar', '922');
INSERT INTO sge_pregunta_dependencia_definicion (dependencia_definicion, pregunta_dependencia, bloque, pregunta, condicion, valor, accion, encuesta_definicion) VALUES ('133', '51', '427', '726', 'es_igual_a', '3090', 'mostrar', '930');
INSERT INTO sge_pregunta_dependencia_definicion (dependencia_definicion, pregunta_dependencia, bloque, pregunta, condicion, valor, accion, encuesta_definicion) VALUES ('134', '51', '427', '732', 'es_igual_a', '3090', 'mostrar', '924');
INSERT INTO sge_pregunta_dependencia_definicion (dependencia_definicion, pregunta_dependencia, bloque, pregunta, condicion, valor, accion, encuesta_definicion) VALUES ('135', '51', '427', '731', 'es_igual_a', '3090', 'mostrar', '925');
INSERT INTO sge_pregunta_dependencia_definicion (dependencia_definicion, pregunta_dependencia, bloque, pregunta, condicion, valor, accion, encuesta_definicion) VALUES ('136', '51', '427', '730', 'es_igual_a', '3090', 'mostrar', '926');
INSERT INTO sge_pregunta_dependencia_definicion (dependencia_definicion, pregunta_dependencia, bloque, pregunta, condicion, valor, accion, encuesta_definicion) VALUES ('137', '51', '427', '729', 'es_igual_a', '3090', 'mostrar', '927');
INSERT INTO sge_pregunta_dependencia_definicion (dependencia_definicion, pregunta_dependencia, bloque, pregunta, condicion, valor, accion, encuesta_definicion) VALUES ('138', '51', '427', '728', 'es_igual_a', '3090', 'mostrar', '928');
INSERT INTO sge_pregunta_dependencia_definicion (dependencia_definicion, pregunta_dependencia, bloque, pregunta, condicion, valor, accion, encuesta_definicion) VALUES ('139', '51', '427', '727', 'es_igual_a', '3090', 'mostrar', '929');
INSERT INTO sge_pregunta_dependencia_definicion (dependencia_definicion, pregunta_dependencia, bloque, pregunta, condicion, valor, accion, encuesta_definicion) VALUES ('140', '51', '427', '725', 'es_igual_a', '3090', 'mostrar', '931');
INSERT INTO sge_pregunta_dependencia_definicion (dependencia_definicion, pregunta_dependencia, bloque, pregunta, condicion, valor, accion, encuesta_definicion) VALUES ('141', '51', '427', '738', 'es_igual_a', '3090', 'mostrar', '932');
INSERT INTO sge_pregunta_dependencia_definicion (dependencia_definicion, pregunta_dependencia, bloque, pregunta, condicion, valor, accion, encuesta_definicion) VALUES ('142', '51', '427', '735', 'es_igual_a', '3090', 'mostrar', '923');
INSERT INTO sge_pregunta_dependencia_definicion (dependencia_definicion, pregunta_dependencia, bloque, pregunta, condicion, valor, accion, encuesta_definicion) VALUES ('143', '52', '427', '717', 'es_igual_a', '3088', 'mostrar', '944');
INSERT INTO sge_pregunta_dependencia_definicion (dependencia_definicion, pregunta_dependencia, bloque, pregunta, condicion, valor, accion, encuesta_definicion) VALUES ('144', '53', '426', '724', 'es_igual_a', '3083', 'mostrar', '945');
INSERT INTO sge_pregunta_dependencia_definicion (dependencia_definicion, pregunta_dependencia, bloque, pregunta, condicion, valor, accion, encuesta_definicion) VALUES ('145', '53', '427', NULL, 'es_igual_a', '3083', 'habilitar', NULL);

--
-- Fin Bloque Discapacidad
--