--
-- Creación de Bloques
--

INSERT INTO sge_bloque (bloque, nombre, descripcion, orden) VALUES (428, 'DATOS PERSONALES', NULL, 1);
INSERT INTO sge_bloque (bloque, nombre, descripcion, orden) VALUES (429, 'VISA', NULL, 2);
INSERT INTO sge_bloque (bloque, nombre, descripcion, orden) VALUES (430, 'NIVELES DE EDUCACIÓN', NULL, 3);
INSERT INTO sge_bloque (bloque, nombre, descripcion, orden) VALUES (431, '[]', NULL, 4);
INSERT INTO sge_bloque (bloque, nombre, descripcion, orden) VALUES (432, 'SITUACIÓN FAMILIAR', NULL, 5);
INSERT INTO sge_bloque (bloque, nombre, descripcion, orden) VALUES (433, 'SITUACIÓN DE LOS PADRES', NULL, 6);
INSERT INTO sge_bloque (bloque, nombre, descripcion, orden) VALUES (434, 'DOMICILIO DURANTE EL PERÍODO DE CLASES', NULL, 7);
INSERT INTO sge_bloque (bloque, nombre, descripcion, orden) VALUES (435, 'DOMICILIO REAL (DONDE VIVE FUERA DEL PERÍODO DE CLASES)', NULL, 8);
INSERT INTO sge_bloque (bloque, nombre, descripcion, orden) VALUES (436, 'DATOS DE UNA PERSONA DE CONTACTO', NULL, 9);
INSERT INTO sge_bloque (bloque, nombre, descripcion, orden) VALUES (437, 'PREINSCRIPCIÓN A LA UNIVERSIDAD', NULL, 10);
INSERT INTO sge_bloque (bloque, nombre, descripcion, orden) VALUES (438, 'FINANCIAMIENTO DE LOS ESTUDIOS UNIVERSITARIOS', NULL, 11);
INSERT INTO sge_bloque (bloque, nombre, descripcion, orden) VALUES (439, 'SITUACIÓN LABORAL', NULL, 12);
INSERT INTO sge_bloque (bloque, nombre, descripcion, orden) VALUES (440, 'SALUD', NULL, 15);
INSERT INTO sge_bloque (bloque, nombre, descripcion, orden) VALUES (441, '[]', NULL, 16);
INSERT INTO sge_bloque (bloque, nombre, descripcion, orden) VALUES (442, 'OTRAS ACTIVIDADES QUE REALIZA', NULL, 17);
INSERT INTO sge_bloque (bloque, nombre, descripcion, orden) VALUES (443, 'CONOCMIENTOS DE IDIOMAS', NULL, 18);

--
-- Creación de Encuestas y sus Atributos
--

INSERT INTO sge_encuesta_atributo (encuesta, nombre, descripcion, texto_preliminar, implementada, estado, unidad_gestion)
VALUES      (12, 'Formulario de Preinscripción', 'Nueva versión de encuesta que incluye los cambios propuestos para el relevamiento de datos de Discapacidad, e incorpora el dato de Identidad de Género', '<p>
	Estimado aspirante:<br />
	La encuesta que presentamos, y que agradecemos completes en su totalidad, tiene como objetivo principal relevar datos que contribuyan a que la Universidad que elegiste para continuar tus estudios superiores defina y organice acciones para acompañar tu ingreso y permanencia.</p>', 'N', 'A', '0');

--
-- Definición de la Encuesta
--

INSERT INTO sge_encuesta_definicion (encuesta_definicion, encuesta, bloque, pregunta, orden, obligatoria) VALUES (947, 12, 428, 500, 1, 'S');
INSERT INTO sge_encuesta_definicion (encuesta_definicion, encuesta, bloque, pregunta, orden, obligatoria) VALUES (948, 12, 428, 501, 2, 'S');
INSERT INTO sge_encuesta_definicion (encuesta_definicion, encuesta, bloque, pregunta, orden, obligatoria) VALUES (949, 12, 428, 502, 3, 'S');
INSERT INTO sge_encuesta_definicion (encuesta_definicion, encuesta, bloque, pregunta, orden, obligatoria) VALUES (1100, 12, 428, 712, 4, 'N');
INSERT INTO sge_encuesta_definicion (encuesta_definicion, encuesta, bloque, pregunta, orden, obligatoria) VALUES (950, 12, 428, 503, 5, 'S');
INSERT INTO sge_encuesta_definicion (encuesta_definicion, encuesta, bloque, pregunta, orden, obligatoria) VALUES (951, 12, 428, 504, 6, 'N');
INSERT INTO sge_encuesta_definicion (encuesta_definicion, encuesta, bloque, pregunta, orden, obligatoria) VALUES (952, 12, 428, 505, 7, 'S');
INSERT INTO sge_encuesta_definicion (encuesta_definicion, encuesta, bloque, pregunta, orden, obligatoria) VALUES (953, 12, 428, 506, 8, 'N');
INSERT INTO sge_encuesta_definicion (encuesta_definicion, encuesta, bloque, pregunta, orden, obligatoria) VALUES (954, 12, 428, 507, 9, 'S');
INSERT INTO sge_encuesta_definicion (encuesta_definicion, encuesta, bloque, pregunta, orden, obligatoria) VALUES (955, 12, 428, 508, 10, 'S');
INSERT INTO sge_encuesta_definicion (encuesta_definicion, encuesta, bloque, pregunta, orden, obligatoria) VALUES (956, 12, 428, 509, 11, 'S');
INSERT INTO sge_encuesta_definicion (encuesta_definicion, encuesta, bloque, pregunta, orden, obligatoria) VALUES (957, 12, 428, 510, 12, 'N');
INSERT INTO sge_encuesta_definicion (encuesta_definicion, encuesta, bloque, pregunta, orden, obligatoria) VALUES (958, 12, 428, 511, 13, 'S');
INSERT INTO sge_encuesta_definicion (encuesta_definicion, encuesta, bloque, pregunta, orden, obligatoria) VALUES (959, 12, 428, 512, 14, 'S');
INSERT INTO sge_encuesta_definicion (encuesta_definicion, encuesta, bloque, pregunta, orden, obligatoria) VALUES (960, 12, 428, 513, 15, 'S');

INSERT INTO sge_encuesta_definicion (encuesta_definicion, encuesta, bloque, pregunta, orden, obligatoria) VALUES (961, 12, 429, 514, 1, 'N');
INSERT INTO sge_encuesta_definicion (encuesta_definicion, encuesta, bloque, pregunta, orden, obligatoria) VALUES (962, 12, 429, 515, 2, 'N');
INSERT INTO sge_encuesta_definicion (encuesta_definicion, encuesta, bloque, pregunta, orden, obligatoria) VALUES (963, 12, 429, 516, 3, 'N');
INSERT INTO sge_encuesta_definicion (encuesta_definicion, encuesta, bloque, pregunta, orden, obligatoria) VALUES (964, 12, 429, 517, 4, 'N');
INSERT INTO sge_encuesta_definicion (encuesta_definicion, encuesta, bloque, pregunta, orden, obligatoria) VALUES (965, 12, 429, 518, 5, 'N');
INSERT INTO sge_encuesta_definicion (encuesta_definicion, encuesta, bloque, pregunta, orden, obligatoria) VALUES (966, 12, 429, 519, 6, 'N');
INSERT INTO sge_encuesta_definicion (encuesta_definicion, encuesta, bloque, pregunta, orden, obligatoria) VALUES (967, 12, 429, 520, 7, 'N');
INSERT INTO sge_encuesta_definicion (encuesta_definicion, encuesta, bloque, pregunta, orden, obligatoria) VALUES (968, 12, 430, 525, 1, 'N');
INSERT INTO sge_encuesta_definicion (encuesta_definicion, encuesta, bloque, pregunta, orden, obligatoria) VALUES (969, 12, 430, 526, 2, 'N');
INSERT INTO sge_encuesta_definicion (encuesta_definicion, encuesta, bloque, pregunta, orden, obligatoria) VALUES (970, 12, 430, 527, 3, 'N');
INSERT INTO sge_encuesta_definicion (encuesta_definicion, encuesta, bloque, pregunta, orden, obligatoria) VALUES (971, 12, 430, 528, 4, 'N');
INSERT INTO sge_encuesta_definicion (encuesta_definicion, encuesta, bloque, pregunta, orden, obligatoria) VALUES (972, 12, 430, 524, 5, 'N');
INSERT INTO sge_encuesta_definicion (encuesta_definicion, encuesta, bloque, pregunta, orden, obligatoria) VALUES (973, 12, 430, 530, 6, 'N');
INSERT INTO sge_encuesta_definicion (encuesta_definicion, encuesta, bloque, pregunta, orden, obligatoria) VALUES (974, 12, 430, 526, 7, 'S');
INSERT INTO sge_encuesta_definicion (encuesta_definicion, encuesta, bloque, pregunta, orden, obligatoria) VALUES (975, 12, 430, 527, 8, 'S');
INSERT INTO sge_encuesta_definicion (encuesta_definicion, encuesta, bloque, pregunta, orden, obligatoria) VALUES (976, 12, 430, 528, 9, 'S');
INSERT INTO sge_encuesta_definicion (encuesta_definicion, encuesta, bloque, pregunta, orden, obligatoria) VALUES (977, 12, 430, 529, 10, 'S');
INSERT INTO sge_encuesta_definicion (encuesta_definicion, encuesta, bloque, pregunta, orden, obligatoria) VALUES (978, 12, 430, 523, 11, 'N');
INSERT INTO sge_encuesta_definicion (encuesta_definicion, encuesta, bloque, pregunta, orden, obligatoria) VALUES (979, 12, 430, 531, 12, 'S');
INSERT INTO sge_encuesta_definicion (encuesta_definicion, encuesta, bloque, pregunta, orden, obligatoria) VALUES (980, 12, 430, 532, 13, 'N');
INSERT INTO sge_encuesta_definicion (encuesta_definicion, encuesta, bloque, pregunta, orden, obligatoria) VALUES (981, 12, 430, 533, 14, 'S');
INSERT INTO sge_encuesta_definicion (encuesta_definicion, encuesta, bloque, pregunta, orden, obligatoria) VALUES (982, 12, 430, 534, 15, 'S');
INSERT INTO sge_encuesta_definicion (encuesta_definicion, encuesta, bloque, pregunta, orden, obligatoria) VALUES (983, 12, 430, 535, 16, 'S');
INSERT INTO sge_encuesta_definicion (encuesta_definicion, encuesta, bloque, pregunta, orden, obligatoria) VALUES (984, 12, 430, 536, 17, 'N');
INSERT INTO sge_encuesta_definicion (encuesta_definicion, encuesta, bloque, pregunta, orden, obligatoria) VALUES (985, 12, 430, 537, 18, 'N');
INSERT INTO sge_encuesta_definicion (encuesta_definicion, encuesta, bloque, pregunta, orden, obligatoria) VALUES (986, 12, 431, 538, 1, 'N');
INSERT INTO sge_encuesta_definicion (encuesta_definicion, encuesta, bloque, pregunta, orden, obligatoria) VALUES (987, 12, 431, 539, 2, 'N');
INSERT INTO sge_encuesta_definicion (encuesta_definicion, encuesta, bloque, pregunta, orden, obligatoria) VALUES (988, 12, 431, 540, 3, 'N');
INSERT INTO sge_encuesta_definicion (encuesta_definicion, encuesta, bloque, pregunta, orden, obligatoria) VALUES (989, 12, 431, 541, 4, 'N');
INSERT INTO sge_encuesta_definicion (encuesta_definicion, encuesta, bloque, pregunta, orden, obligatoria) VALUES (990, 12, 431, 542, 5, 'N');
INSERT INTO sge_encuesta_definicion (encuesta_definicion, encuesta, bloque, pregunta, orden, obligatoria) VALUES (991, 12, 431, 543, 7, 'N');
INSERT INTO sge_encuesta_definicion (encuesta_definicion, encuesta, bloque, pregunta, orden, obligatoria) VALUES (992, 12, 431, 544, 8, 'N');
INSERT INTO sge_encuesta_definicion (encuesta_definicion, encuesta, bloque, pregunta, orden, obligatoria) VALUES (993, 12, 431, 545, 9, 'N');
INSERT INTO sge_encuesta_definicion (encuesta_definicion, encuesta, bloque, pregunta, orden, obligatoria) VALUES (994, 12, 431, 546, 10, 'N');
INSERT INTO sge_encuesta_definicion (encuesta_definicion, encuesta, bloque, pregunta, orden, obligatoria) VALUES (995, 12, 431, 636, 6, 'N');
INSERT INTO sge_encuesta_definicion (encuesta_definicion, encuesta, bloque, pregunta, orden, obligatoria) VALUES (996, 12, 431, 637, 11, 'N');
INSERT INTO sge_encuesta_definicion (encuesta_definicion, encuesta, bloque, pregunta, orden, obligatoria) VALUES (997, 12, 432, 547, 1, 'S');
INSERT INTO sge_encuesta_definicion (encuesta_definicion, encuesta, bloque, pregunta, orden, obligatoria) VALUES (998, 12, 432, 548, 2, 'N');
INSERT INTO sge_encuesta_definicion (encuesta_definicion, encuesta, bloque, pregunta, orden, obligatoria) VALUES (999, 12, 432, 549, 3, 'S');
INSERT INTO sge_encuesta_definicion (encuesta_definicion, encuesta, bloque, pregunta, orden, obligatoria) VALUES (1000, 12, 432, 550, 4, 'S');
INSERT INTO sge_encuesta_definicion (encuesta_definicion, encuesta, bloque, pregunta, orden, obligatoria) VALUES (1001, 12, 433, 551, 1, 'S');
INSERT INTO sge_encuesta_definicion (encuesta_definicion, encuesta, bloque, pregunta, orden, obligatoria) VALUES (1002, 12, 433, 556, 2, 'N');
INSERT INTO sge_encuesta_definicion (encuesta_definicion, encuesta, bloque, pregunta, orden, obligatoria) VALUES (1003, 12, 433, 640, 3, 'N');
INSERT INTO sge_encuesta_definicion (encuesta_definicion, encuesta, bloque, pregunta, orden, obligatoria) VALUES (1004, 12, 433, 558, 5, 'S');
INSERT INTO sge_encuesta_definicion (encuesta_definicion, encuesta, bloque, pregunta, orden, obligatoria) VALUES (1005, 12, 433, 559, 6, 'S');
INSERT INTO sge_encuesta_definicion (encuesta_definicion, encuesta, bloque, pregunta, orden, obligatoria) VALUES (1006, 12, 433, 560, 7, 'N');
INSERT INTO sge_encuesta_definicion (encuesta_definicion, encuesta, bloque, pregunta, orden, obligatoria) VALUES (1007, 12, 433, 561, 8, 'N');
INSERT INTO sge_encuesta_definicion (encuesta_definicion, encuesta, bloque, pregunta, orden, obligatoria) VALUES (1008, 12, 433, 641, 9, 'N');
INSERT INTO sge_encuesta_definicion (encuesta_definicion, encuesta, bloque, pregunta, orden, obligatoria) VALUES (1009, 12, 433, 642, 10, 'N');
INSERT INTO sge_encuesta_definicion (encuesta_definicion, encuesta, bloque, pregunta, orden, obligatoria) VALUES (1010, 12, 433, 558, 12, 'S');
INSERT INTO sge_encuesta_definicion (encuesta_definicion, encuesta, bloque, pregunta, orden, obligatoria) VALUES (1011, 12, 433, 559, 13, 'S');
INSERT INTO sge_encuesta_definicion (encuesta_definicion, encuesta, bloque, pregunta, orden, obligatoria) VALUES (1012, 12, 433, 560, 14, 'N');
INSERT INTO sge_encuesta_definicion (encuesta_definicion, encuesta, bloque, pregunta, orden, obligatoria) VALUES (1013, 12, 433, 561, 15, 'N');
INSERT INTO sge_encuesta_definicion (encuesta_definicion, encuesta, bloque, pregunta, orden, obligatoria) VALUES (1014, 12, 434, 562, 1, 'S');
INSERT INTO sge_encuesta_definicion (encuesta_definicion, encuesta, bloque, pregunta, orden, obligatoria) VALUES (1015, 12, 434, 563, 2, 'N');
INSERT INTO sge_encuesta_definicion (encuesta_definicion, encuesta, bloque, pregunta, orden, obligatoria) VALUES (1016, 12, 434, 564, 3, 'S');
INSERT INTO sge_encuesta_definicion (encuesta_definicion, encuesta, bloque, pregunta, orden, obligatoria) VALUES (1017, 12, 434, 565, 4, 'S');
INSERT INTO sge_encuesta_definicion (encuesta_definicion, encuesta, bloque, pregunta, orden, obligatoria) VALUES (1018, 12, 434, 566, 5, 'N');
INSERT INTO sge_encuesta_definicion (encuesta_definicion, encuesta, bloque, pregunta, orden, obligatoria) VALUES (1019, 12, 434, 567, 6, 'N');
INSERT INTO sge_encuesta_definicion (encuesta_definicion, encuesta, bloque, pregunta, orden, obligatoria) VALUES (1020, 12, 434, 568, 7, 'N');
INSERT INTO sge_encuesta_definicion (encuesta_definicion, encuesta, bloque, pregunta, orden, obligatoria) VALUES (1021, 12, 434, 569, 8, 'N');
INSERT INTO sge_encuesta_definicion (encuesta_definicion, encuesta, bloque, pregunta, orden, obligatoria) VALUES (1022, 12, 434, 570, 9, 'N');
INSERT INTO sge_encuesta_definicion (encuesta_definicion, encuesta, bloque, pregunta, orden, obligatoria) VALUES (1023, 12, 434, 571, 10, 'N');
INSERT INTO sge_encuesta_definicion (encuesta_definicion, encuesta, bloque, pregunta, orden, obligatoria) VALUES (1024, 12, 434, 572, 11, 'N');
INSERT INTO sge_encuesta_definicion (encuesta_definicion, encuesta, bloque, pregunta, orden, obligatoria) VALUES (1025, 12, 434, 573, 12, 'N');
INSERT INTO sge_encuesta_definicion (encuesta_definicion, encuesta, bloque, pregunta, orden, obligatoria) VALUES (1026, 12, 435, 574, 1, 'N');
INSERT INTO sge_encuesta_definicion (encuesta_definicion, encuesta, bloque, pregunta, orden, obligatoria) VALUES (1027, 12, 435, 564, 2, 'S');
INSERT INTO sge_encuesta_definicion (encuesta_definicion, encuesta, bloque, pregunta, orden, obligatoria) VALUES (1028, 12, 435, 565, 3, 'S');
INSERT INTO sge_encuesta_definicion (encuesta_definicion, encuesta, bloque, pregunta, orden, obligatoria) VALUES (1029, 12, 435, 566, 4, 'N');
INSERT INTO sge_encuesta_definicion (encuesta_definicion, encuesta, bloque, pregunta, orden, obligatoria) VALUES (1030, 12, 435, 567, 5, 'N');
INSERT INTO sge_encuesta_definicion (encuesta_definicion, encuesta, bloque, pregunta, orden, obligatoria) VALUES (1031, 12, 435, 568, 6, 'N');
INSERT INTO sge_encuesta_definicion (encuesta_definicion, encuesta, bloque, pregunta, orden, obligatoria) VALUES (1032, 12, 435, 554, 7, 'S');
INSERT INTO sge_encuesta_definicion (encuesta_definicion, encuesta, bloque, pregunta, orden, obligatoria) VALUES (1033, 12, 435, 555, 8, 'N');
INSERT INTO sge_encuesta_definicion (encuesta_definicion, encuesta, bloque, pregunta, orden, obligatoria) VALUES (1034, 12, 435, 575, 9, 'N');
INSERT INTO sge_encuesta_definicion (encuesta_definicion, encuesta, bloque, pregunta, orden, obligatoria) VALUES (1035, 12, 436, 576, 1, 'N');
INSERT INTO sge_encuesta_definicion (encuesta_definicion, encuesta, bloque, pregunta, orden, obligatoria) VALUES (1036, 12, 436, 577, 2, 'S');
INSERT INTO sge_encuesta_definicion (encuesta_definicion, encuesta, bloque, pregunta, orden, obligatoria) VALUES (1037, 12, 436, 578, 3, 'S');
INSERT INTO sge_encuesta_definicion (encuesta_definicion, encuesta, bloque, pregunta, orden, obligatoria) VALUES (1038, 12, 436, 579, 4, 'S');
INSERT INTO sge_encuesta_definicion (encuesta_definicion, encuesta, bloque, pregunta, orden, obligatoria) VALUES (1039, 12, 436, 580, 5, 'N');
INSERT INTO sge_encuesta_definicion (encuesta_definicion, encuesta, bloque, pregunta, orden, obligatoria) VALUES (1040, 12, 436, 581, 6, 'N');
INSERT INTO sge_encuesta_definicion (encuesta_definicion, encuesta, bloque, pregunta, orden, obligatoria) VALUES (1041, 12, 436, 582, 7, 'N');
INSERT INTO sge_encuesta_definicion (encuesta_definicion, encuesta, bloque, pregunta, orden, obligatoria) VALUES (1042, 12, 436, 583, 8, 'S');
INSERT INTO sge_encuesta_definicion (encuesta_definicion, encuesta, bloque, pregunta, orden, obligatoria) VALUES (1043, 12, 436, 584, 9, 'N');
INSERT INTO sge_encuesta_definicion (encuesta_definicion, encuesta, bloque, pregunta, orden, obligatoria) VALUES (1044, 12, 436, 585, 10, 'N');
INSERT INTO sge_encuesta_definicion (encuesta_definicion, encuesta, bloque, pregunta, orden, obligatoria) VALUES (1045, 12, 437, 586, 1, 'N');
INSERT INTO sge_encuesta_definicion (encuesta_definicion, encuesta, bloque, pregunta, orden, obligatoria) VALUES (1046, 12, 437, 587, 2, 'S');
INSERT INTO sge_encuesta_definicion (encuesta_definicion, encuesta, bloque, pregunta, orden, obligatoria) VALUES (1047, 12, 437, 588, 3, 'N');
INSERT INTO sge_encuesta_definicion (encuesta_definicion, encuesta, bloque, pregunta, orden, obligatoria) VALUES (1048, 12, 437, 589, 4, 'N');
INSERT INTO sge_encuesta_definicion (encuesta_definicion, encuesta, bloque, pregunta, orden, obligatoria) VALUES (1049, 12, 437, 590, 5, 'N');
INSERT INTO sge_encuesta_definicion (encuesta_definicion, encuesta, bloque, pregunta, orden, obligatoria) VALUES (1050, 12, 437, 591, 6, 'N');
INSERT INTO sge_encuesta_definicion (encuesta_definicion, encuesta, bloque, pregunta, orden, obligatoria) VALUES (1051, 12, 437, 592, 7, 'N');
INSERT INTO sge_encuesta_definicion (encuesta_definicion, encuesta, bloque, pregunta, orden, obligatoria) VALUES (1052, 12, 437, 593, 8, 'N');
INSERT INTO sge_encuesta_definicion (encuesta_definicion, encuesta, bloque, pregunta, orden, obligatoria) VALUES (1053, 12, 437, 594, 9, 'N');
INSERT INTO sge_encuesta_definicion (encuesta_definicion, encuesta, bloque, pregunta, orden, obligatoria) VALUES (1054, 12, 437, 638, 10, 'N');
INSERT INTO sge_encuesta_definicion (encuesta_definicion, encuesta, bloque, pregunta, orden, obligatoria) VALUES (1055, 12, 437, 595, 11, 'N');
INSERT INTO sge_encuesta_definicion (encuesta_definicion, encuesta, bloque, pregunta, orden, obligatoria) VALUES (1056, 12, 437, 639, 12, 'N');
INSERT INTO sge_encuesta_definicion (encuesta_definicion, encuesta, bloque, pregunta, orden, obligatoria) VALUES (1057, 12, 438, 596, 1, 'N');
INSERT INTO sge_encuesta_definicion (encuesta_definicion, encuesta, bloque, pregunta, orden, obligatoria) VALUES (1058, 12, 438, 644, 2, 'N');
INSERT INTO sge_encuesta_definicion (encuesta_definicion, encuesta, bloque, pregunta, orden, obligatoria) VALUES (1059, 12, 438, 597, 3, 'N');
INSERT INTO sge_encuesta_definicion (encuesta_definicion, encuesta, bloque, pregunta, orden, obligatoria) VALUES (1060, 12, 438, 598, 4, 'N');
INSERT INTO sge_encuesta_definicion (encuesta_definicion, encuesta, bloque, pregunta, orden, obligatoria) VALUES (1061, 12, 439, 599, 1, 'N');
INSERT INTO sge_encuesta_definicion (encuesta_definicion, encuesta, bloque, pregunta, orden, obligatoria) VALUES (1062, 12, 439, 600, 2, 'N');
INSERT INTO sge_encuesta_definicion (encuesta_definicion, encuesta, bloque, pregunta, orden, obligatoria) VALUES (1063, 12, 439, 601, 3, 'N');
INSERT INTO sge_encuesta_definicion (encuesta_definicion, encuesta, bloque, pregunta, orden, obligatoria) VALUES (1064, 12, 439, 602, 4, 'N');
INSERT INTO sge_encuesta_definicion (encuesta_definicion, encuesta, bloque, pregunta, orden, obligatoria) VALUES (1065, 12, 439, 603, 5, 'N');
INSERT INTO sge_encuesta_definicion (encuesta_definicion, encuesta, bloque, pregunta, orden, obligatoria) VALUES (1066, 12, 439, 604, 6, 'N');
INSERT INTO sge_encuesta_definicion (encuesta_definicion, encuesta, bloque, pregunta, orden, obligatoria) VALUES (1067, 12, 439, 605, 7, 'N');
INSERT INTO sge_encuesta_definicion (encuesta_definicion, encuesta, bloque, pregunta, orden, obligatoria) VALUES (1068, 12, 439, 606, 8, 'N');
INSERT INTO sge_encuesta_definicion (encuesta_definicion, encuesta, bloque, pregunta, orden, obligatoria) VALUES (1069, 12, 439, 607, 9, 'N');
INSERT INTO sge_encuesta_definicion (encuesta_definicion, encuesta, bloque, pregunta, orden, obligatoria) VALUES (1070, 12, 440, 608, 1, 'N');
INSERT INTO sge_encuesta_definicion (encuesta_definicion, encuesta, bloque, pregunta, orden, obligatoria) VALUES (1071, 12, 440, 609, 2, 'N');
INSERT INTO sge_encuesta_definicion (encuesta_definicion, encuesta, bloque, pregunta, orden, obligatoria) VALUES (1076, 12, 440, 614, 7, 'N');
INSERT INTO sge_encuesta_definicion (encuesta_definicion, encuesta, bloque, pregunta, orden, obligatoria) VALUES (1077, 12, 441, 615, 1, 'S');
INSERT INTO sge_encuesta_definicion (encuesta_definicion, encuesta, bloque, pregunta, orden, obligatoria) VALUES (1078, 12, 441, 616, 2, 'N');
INSERT INTO sge_encuesta_definicion (encuesta_definicion, encuesta, bloque, pregunta, orden, obligatoria) VALUES (1079, 12, 441, 617, 3, 'N');
INSERT INTO sge_encuesta_definicion (encuesta_definicion, encuesta, bloque, pregunta, orden, obligatoria) VALUES (1080, 12, 442, 618, 1, 'N');
INSERT INTO sge_encuesta_definicion (encuesta_definicion, encuesta, bloque, pregunta, orden, obligatoria) VALUES (1081, 12, 442, 619, 2, 'N');
INSERT INTO sge_encuesta_definicion (encuesta_definicion, encuesta, bloque, pregunta, orden, obligatoria) VALUES (1082, 12, 442, 624, 7, 'N');
INSERT INTO sge_encuesta_definicion (encuesta_definicion, encuesta, bloque, pregunta, orden, obligatoria) VALUES (1083, 12, 442, 625, 8, 'N');
INSERT INTO sge_encuesta_definicion (encuesta_definicion, encuesta, bloque, pregunta, orden, obligatoria) VALUES (1084, 12, 442, 626, 9, 'N');
INSERT INTO sge_encuesta_definicion (encuesta_definicion, encuesta, bloque, pregunta, orden, obligatoria) VALUES (1085, 12, 442, 627, 10, 'N');
INSERT INTO sge_encuesta_definicion (encuesta_definicion, encuesta, bloque, pregunta, orden, obligatoria) VALUES (1086, 12, 442, 628, 11, 'N');
INSERT INTO sge_encuesta_definicion (encuesta_definicion, encuesta, bloque, pregunta, orden, obligatoria) VALUES (1087, 12, 442, 629, 12, 'N');
INSERT INTO sge_encuesta_definicion (encuesta_definicion, encuesta, bloque, pregunta, orden, obligatoria) VALUES (1088, 12, 442, 630, 13, 'N');
INSERT INTO sge_encuesta_definicion (encuesta_definicion, encuesta, bloque, pregunta, orden, obligatoria) VALUES (1089, 12, 443, 631, 1, 'N');
INSERT INTO sge_encuesta_definicion (encuesta_definicion, encuesta, bloque, pregunta, orden, obligatoria) VALUES (1090, 12, 443, 632, 2, 'N');
INSERT INTO sge_encuesta_definicion (encuesta_definicion, encuesta, bloque, pregunta, orden, obligatoria) VALUES (1091, 12, 443, 633, 3, 'N');
INSERT INTO sge_encuesta_definicion (encuesta_definicion, encuesta, bloque, pregunta, orden, obligatoria) VALUES (1092, 12, 443, 634, 4, 'N');
INSERT INTO sge_encuesta_definicion (encuesta_definicion, encuesta, bloque, pregunta, orden, obligatoria) VALUES (1093, 12, 443, 635, 5, 'N');
INSERT INTO sge_encuesta_definicion (encuesta_definicion, encuesta, bloque, pregunta, orden, obligatoria) VALUES (1094, 12, 433, 557, 4, 'N');
INSERT INTO sge_encuesta_definicion (encuesta_definicion, encuesta, bloque, pregunta, orden, obligatoria) VALUES (1095, 12, 433, 643, 11, 'N');

INSERT INTO sge_encuesta_definicion (encuesta_definicion, encuesta, bloque, pregunta, orden, obligatoria) VALUES (1096, 12, 442, 620, 3, 'N');
INSERT INTO sge_encuesta_definicion (encuesta_definicion, encuesta, bloque, pregunta, orden, obligatoria) VALUES (1097, 12, 442, 621, 4, 'N');
INSERT INTO sge_encuesta_definicion (encuesta_definicion, encuesta, bloque, pregunta, orden, obligatoria) VALUES (1098, 12, 442, 622, 5, 'N');
INSERT INTO sge_encuesta_definicion (encuesta_definicion, encuesta, bloque, pregunta, orden, obligatoria) VALUES (1099, 12, 442, 623, 6, 'N');

--
-- Asociación de Preguntas y Dependencias
--

INSERT INTO sge_pregunta_dependencia (pregunta_dependencia, encuesta_definicion) VALUES (54, 959);
INSERT INTO sge_pregunta_dependencia (pregunta_dependencia, encuesta_definicion) VALUES (55, 985);
INSERT INTO sge_pregunta_dependencia (pregunta_dependencia, encuesta_definicion) VALUES (56, 989);
INSERT INTO sge_pregunta_dependencia (pregunta_dependencia, encuesta_definicion) VALUES (57, 990);
INSERT INTO sge_pregunta_dependencia (pregunta_dependencia, encuesta_definicion) VALUES (58, 994);
INSERT INTO sge_pregunta_dependencia (pregunta_dependencia, encuesta_definicion) VALUES (59, 1001);
INSERT INTO sge_pregunta_dependencia (pregunta_dependencia, encuesta_definicion) VALUES (60, 1048);
INSERT INTO sge_pregunta_dependencia (pregunta_dependencia, encuesta_definicion) VALUES (61, 1053);
INSERT INTO sge_pregunta_dependencia (pregunta_dependencia, encuesta_definicion) VALUES (62, 1055);
INSERT INTO sge_pregunta_dependencia (pregunta_dependencia, encuesta_definicion) VALUES (63, 1057);
INSERT INTO sge_pregunta_dependencia (pregunta_dependencia, encuesta_definicion) VALUES (64, 1070);
INSERT INTO sge_pregunta_dependencia (pregunta_dependencia, encuesta_definicion) VALUES (65, 1077);
INSERT INTO sge_pregunta_dependencia (pregunta_dependencia, encuesta_definicion) VALUES (66, 1078);
INSERT INTO sge_pregunta_dependencia (pregunta_dependencia, encuesta_definicion) VALUES (67, 1086);
INSERT INTO sge_pregunta_dependencia (pregunta_dependencia, encuesta_definicion) VALUES (68, 982);
INSERT INTO sge_pregunta_dependencia (pregunta_dependencia, encuesta_definicion) VALUES (69, 1059);

--
-- Creación de Dependencias
--

INSERT INTO sge_pregunta_dependencia_definicion (dependencia_definicion, pregunta_dependencia, bloque, pregunta, condicion, valor, accion, encuesta_definicion) VALUES (146, 54, 428, 513, 'es_igual_a', 509, 'mostrar', 960);
INSERT INTO sge_pregunta_dependencia_definicion (dependencia_definicion, pregunta_dependencia, bloque, pregunta, condicion, valor, accion, encuesta_definicion) VALUES (147, 54, 429, NULL, 'es_igual_a', 509, 'mostrar', NULL);
INSERT INTO sge_pregunta_dependencia_definicion (dependencia_definicion, pregunta_dependencia, bloque, pregunta, condicion, valor, accion, encuesta_definicion) VALUES (148, 69, 430, 534, 'es_igual_a', 518, 'mostrar', 983);
INSERT INTO sge_pregunta_dependencia_definicion (dependencia_definicion, pregunta_dependencia, bloque, pregunta, condicion, valor, accion, encuesta_definicion) VALUES (149, 55, 431, NULL, 'es_igual_a', 518, 'habilitar', NULL);
INSERT INTO sge_pregunta_dependencia_definicion (dependencia_definicion, pregunta_dependencia, bloque, pregunta, condicion, valor, accion, encuesta_definicion) VALUES (150, 56, 431, 544, 'es_igual_a', 537, 'mostrar', 992);
INSERT INTO sge_pregunta_dependencia_definicion (dependencia_definicion, pregunta_dependencia, bloque, pregunta, condicion, valor, accion, encuesta_definicion) VALUES (151, 56, 431, 545, 'es_igual_a', 537, 'mostrar', 993);
INSERT INTO sge_pregunta_dependencia_definicion (dependencia_definicion, pregunta_dependencia, bloque, pregunta, condicion, valor, accion, encuesta_definicion) VALUES (152, 56, 431, 546, 'es_igual_a', 537, 'mostrar', 994);
INSERT INTO sge_pregunta_dependencia_definicion (dependencia_definicion, pregunta_dependencia, bloque, pregunta, condicion, valor, accion, encuesta_definicion) VALUES (153, 56, 431, 542, 'es_igual_a', 538, 'mostrar', 990);
INSERT INTO sge_pregunta_dependencia_definicion (dependencia_definicion, pregunta_dependencia, bloque, pregunta, condicion, valor, accion, encuesta_definicion) VALUES (154, 56, 431, 543, 'es_igual_a', 539, 'mostrar', 991);
INSERT INTO sge_pregunta_dependencia_definicion (dependencia_definicion, pregunta_dependencia, bloque, pregunta, condicion, valor, accion, encuesta_definicion) VALUES (155, 57, 431, 636, 'es_igual_a', 548, 'mostrar', 995);
INSERT INTO sge_pregunta_dependencia_definicion (dependencia_definicion, pregunta_dependencia, bloque, pregunta, condicion, valor, accion, encuesta_definicion) VALUES (156, 58, 431, 637, 'es_igual_a', 548, 'mostrar', 996);
INSERT INTO sge_pregunta_dependencia_definicion (dependencia_definicion, pregunta_dependencia, bloque, pregunta, condicion, valor, accion, encuesta_definicion) VALUES (157, 60, 437, 590, 'es_igual_a', 518, 'mostrar', 1049);
INSERT INTO sge_pregunta_dependencia_definicion (dependencia_definicion, pregunta_dependencia, bloque, pregunta, condicion, valor, accion, encuesta_definicion) VALUES (158, 59, 433, 556, 'es_igual_a', 565, 'mostrar', 1002);
INSERT INTO sge_pregunta_dependencia_definicion (dependencia_definicion, pregunta_dependencia, bloque, pregunta, condicion, valor, accion, encuesta_definicion) VALUES (159, 59, 433, 641, 'es_igual_a', 565, 'mostrar', 1008);
INSERT INTO sge_pregunta_dependencia_definicion (dependencia_definicion, pregunta_dependencia, bloque, pregunta, condicion, valor, accion, encuesta_definicion) VALUES (160, 59, 433, 640, 'es_igual_a', 566, 'mostrar', 1003);
INSERT INTO sge_pregunta_dependencia_definicion (dependencia_definicion, pregunta_dependencia, bloque, pregunta, condicion, valor, accion, encuesta_definicion) VALUES (161, 59, 433, 642, 'es_igual_a', 566, 'mostrar', 1009);
INSERT INTO sge_pregunta_dependencia_definicion (dependencia_definicion, pregunta_dependencia, bloque, pregunta, condicion, valor, accion, encuesta_definicion) VALUES (162, 59, 433, 557, 'es_igual_a', 567, 'mostrar', 1094);
INSERT INTO sge_pregunta_dependencia_definicion (dependencia_definicion, pregunta_dependencia, bloque, pregunta, condicion, valor, accion, encuesta_definicion) VALUES (163, 59, 433, 643, 'es_igual_a', 567, 'mostrar', 1095);
INSERT INTO sge_pregunta_dependencia_definicion (dependencia_definicion, pregunta_dependencia, bloque, pregunta, condicion, valor, accion, encuesta_definicion) VALUES (164, 61, 437, 638, 'es_igual_a', 532, 'mostrar', 1054);
INSERT INTO sge_pregunta_dependencia_definicion (dependencia_definicion, pregunta_dependencia, bloque, pregunta, condicion, valor, accion, encuesta_definicion) VALUES (165, 62, 437, 639, 'es_igual_a', 532, 'mostrar', 1056);
INSERT INTO sge_pregunta_dependencia_definicion (dependencia_definicion, pregunta_dependencia, bloque, pregunta, condicion, valor, accion, encuesta_definicion) VALUES (166, 63, 438, 597, 'es_igual_a', 640, 'mostrar', 1059);
INSERT INTO sge_pregunta_dependencia_definicion (dependencia_definicion, pregunta_dependencia, bloque, pregunta, condicion, valor, accion, encuesta_definicion) VALUES (167, 63, 438, 598, 'es_igual_a', 640, 'mostrar', 1060);
INSERT INTO sge_pregunta_dependencia_definicion (dependencia_definicion, pregunta_dependencia, bloque, pregunta, condicion, valor, accion, encuesta_definicion) VALUES (168, 63, 438, 644, 'es_igual_a', 642, 'mostrar', 1058);
INSERT INTO sge_pregunta_dependencia_definicion (dependencia_definicion, pregunta_dependencia, bloque, pregunta, condicion, valor, accion, encuesta_definicion) VALUES (169, 64, 440, 609, 'es_igual_a', 518, 'mostrar', 1071);
INSERT INTO sge_pregunta_dependencia_definicion (dependencia_definicion, pregunta_dependencia, bloque, pregunta, condicion, valor, accion, encuesta_definicion) VALUES (170, 65, 441, 616, 'es_igual_a', 518, 'mostrar', 1078);
INSERT INTO sge_pregunta_dependencia_definicion (dependencia_definicion, pregunta_dependencia, bloque, pregunta, condicion, valor, accion, encuesta_definicion) VALUES (171, 66, 441, 617, 'es_igual_a', 61, 'mostrar', 1079);
INSERT INTO sge_pregunta_dependencia_definicion (dependencia_definicion, pregunta_dependencia, bloque, pregunta, condicion, valor, accion, encuesta_definicion) VALUES (172, 67, 442, 629, 'es_igual_a', 518, 'mostrar', 1087);
INSERT INTO sge_pregunta_dependencia_definicion (dependencia_definicion, pregunta_dependencia, bloque, pregunta, condicion, valor, accion, encuesta_definicion) VALUES (173, 67, 442, 630, 'es_igual_a', 518, 'mostrar', 1088);
INSERT INTO sge_pregunta_dependencia_definicion (dependencia_definicion, pregunta_dependencia, bloque, pregunta, condicion, valor, accion, encuesta_definicion) VALUES (174, 69, 438, 597, 'es_igual_a', 518, 'mostrar', 1060);

--
-- Inicio Bloque Discapacidad
--

INSERT INTO sge_pregunta (pregunta, nombre, componente_numero, tabla_asociada, tabla_asociada_codigo, tabla_asociada_descripcion, tabla_asociada_orden_campo, tabla_asociada_orden_tipo, descripcion_resumida, ayuda, oculta, visualizacion_horizontal, unidad_gestion) VALUES ('713', 'Discapacidad', '5', '', NULL, NULL, NULL, NULL, 'Discapacidad', NULL, 'N', 'N', 0);
INSERT INTO sge_pregunta (pregunta, nombre, componente_numero, tabla_asociada, tabla_asociada_codigo, tabla_asociada_descripcion, tabla_asociada_orden_campo, tabla_asociada_orden_tipo, descripcion_resumida, ayuda, oculta, visualizacion_horizontal, unidad_gestion) VALUES ('714', '¿Tenés dificultad para oír, incluso si usás un audífono o implante coclear?', '3', '', NULL, NULL, NULL, NULL, 'Dificultad para oír', NULL, 'N', 'N', 0);
INSERT INTO sge_pregunta (pregunta, nombre, componente_numero, tabla_asociada, tabla_asociada_codigo, tabla_asociada_descripcion, tabla_asociada_orden_campo, tabla_asociada_orden_tipo, descripcion_resumida, ayuda, oculta, visualizacion_horizontal, unidad_gestion) VALUES ('715', 'Condición de Discapacidad', '2', '', NULL, NULL, NULL, NULL, 'Condición de Discapacidad', NULL, 'N', 'N', 0);
INSERT INTO sge_pregunta (pregunta, nombre, componente_numero, tabla_asociada, tabla_asociada_codigo, tabla_asociada_descripcion, tabla_asociada_orden_campo, tabla_asociada_orden_tipo, descripcion_resumida, ayuda, oculta, visualizacion_horizontal, unidad_gestion) VALUES ('716', '¿Cuál es tu forma habitual de comunicación?', '5', '', NULL, NULL, NULL, NULL, 'Forma habitual comunicación', NULL, 'N', 'N', 0);
INSERT INTO sge_pregunta (pregunta, nombre, componente_numero, tabla_asociada, tabla_asociada_codigo, tabla_asociada_descripcion, tabla_asociada_orden_campo, tabla_asociada_orden_tipo, descripcion_resumida, ayuda, oculta, visualizacion_horizontal, unidad_gestion) VALUES ('717', 'Otra forma', '1', '', NULL, NULL, NULL, NULL, 'Otra forma de comunicación', NULL, 'N', 'N', 0);
INSERT INTO sge_pregunta (pregunta, nombre, componente_numero, tabla_asociada, tabla_asociada_codigo, tabla_asociada_descripcion, tabla_asociada_orden_campo, tabla_asociada_orden_tipo, descripcion_resumida, ayuda, oculta, visualizacion_horizontal, unidad_gestion) VALUES ('718', 'Alguna otra información que consideres importante comunicar', '8', '', NULL, NULL, NULL, NULL, 'Otra información importante', NULL, 'N', 'N', 0);
INSERT INTO sge_pregunta (pregunta, nombre, componente_numero, tabla_asociada, tabla_asociada_codigo, tabla_asociada_descripcion, tabla_asociada_orden_campo, tabla_asociada_orden_tipo, descripcion_resumida, ayuda, oculta, visualizacion_horizontal, unidad_gestion) VALUES ('719', 'MOTORA', '7', '', NULL, NULL, NULL, NULL, 'Motora', NULL, 'N', 'N', 0);
INSERT INTO sge_pregunta (pregunta, nombre, componente_numero, tabla_asociada, tabla_asociada_codigo, tabla_asociada_descripcion, tabla_asociada_orden_campo, tabla_asociada_orden_tipo, descripcion_resumida, ayuda, oculta, visualizacion_horizontal, unidad_gestion) VALUES ('720', 'Especificar cuáles', '8', '', NULL, NULL, NULL, NULL, 'Especificar cuáles', 'Si requerís de otros apoyos, especificar cuáles', 'N', 'N', 0);
INSERT INTO sge_pregunta (pregunta, nombre, componente_numero, tabla_asociada, tabla_asociada_codigo, tabla_asociada_descripcion, tabla_asociada_orden_campo, tabla_asociada_orden_tipo, descripcion_resumida, ayuda, oculta, visualizacion_horizontal, unidad_gestion) VALUES ('721', '¿Requerís Intérprete de Lengua de Señas Argentina?', '2', '', NULL, NULL, NULL, NULL, '¿Intérprete Leng. Señas Arg.?', NULL, 'N', 'S', 0);
INSERT INTO sge_pregunta (pregunta, nombre, componente_numero, tabla_asociada, tabla_asociada_codigo, tabla_asociada_descripcion, tabla_asociada_orden_campo, tabla_asociada_orden_tipo, descripcion_resumida, ayuda, oculta, visualizacion_horizontal, unidad_gestion) VALUES ('722', '¿Requerís Aro magnético?', '2', '', NULL, NULL, NULL, NULL, '¿Requerís Aro magnético?', NULL, 'N', 'S', 0);
INSERT INTO sge_pregunta (pregunta, nombre, componente_numero, tabla_asociada, tabla_asociada_codigo, tabla_asociada_descripcion, tabla_asociada_orden_campo, tabla_asociada_orden_tipo, descripcion_resumida, ayuda, oculta, visualizacion_horizontal, unidad_gestion) VALUES ('723', '¿Requerís otros apoyos?', '2', '', NULL, NULL, NULL, NULL, '¿Requerís otros apoyos?', NULL, 'N', 'S', 0);
INSERT INTO sge_pregunta (pregunta, nombre, componente_numero, tabla_asociada, tabla_asociada_codigo, tabla_asociada_descripcion, tabla_asociada_orden_campo, tabla_asociada_orden_tipo, descripcion_resumida, ayuda, oculta, visualizacion_horizontal, unidad_gestion) VALUES ('724', '¿Tenés CUD?', '2', '', NULL, NULL, NULL, NULL, '¿Tenés CUD?', NULL, 'N', 'S', 0);
INSERT INTO sge_pregunta (pregunta, nombre, componente_numero, tabla_asociada, tabla_asociada_codigo, tabla_asociada_descripcion, tabla_asociada_orden_campo, tabla_asociada_orden_tipo, descripcion_resumida, ayuda, oculta, visualizacion_horizontal, unidad_gestion) VALUES ('725', '¿Tenés dificultad para ver, incluso si usás lentes?', '3', '', NULL, NULL, NULL, NULL, 'Dificultad para ver', NULL, 'N', 'N', 0);
INSERT INTO sge_pregunta (pregunta, nombre, componente_numero, tabla_asociada, tabla_asociada_codigo, tabla_asociada_descripcion, tabla_asociada_orden_campo, tabla_asociada_orden_tipo, descripcion_resumida, ayuda, oculta, visualizacion_horizontal, unidad_gestion) VALUES ('726', '<p><span style="font-size:14px;"><u><strong><span style="font-family:Arial,Helvetica,sans-serif;">Apoyos que requer&iacute;s</span></strong></u></span></p>', '22', '', NULL, NULL, NULL, NULL, 'Apoyos que requerís 2', NULL, 'N', 'N', 0);
INSERT INTO sge_pregunta (pregunta, nombre, componente_numero, tabla_asociada, tabla_asociada_codigo, tabla_asociada_descripcion, tabla_asociada_orden_campo, tabla_asociada_orden_tipo, descripcion_resumida, ayuda, oculta, visualizacion_horizontal, unidad_gestion) VALUES ('727', '¿Qué apoyos utilizás en tu vida diaria?', '8', '', NULL, NULL, NULL, NULL, 'Apoyos en tu vida diaria', NULL, 'N', 'N', 0);
INSERT INTO sge_pregunta (pregunta, nombre, componente_numero, tabla_asociada, tabla_asociada_codigo, tabla_asociada_descripcion, tabla_asociada_orden_campo, tabla_asociada_orden_tipo, descripcion_resumida, ayuda, oculta, visualizacion_horizontal, unidad_gestion) VALUES ('728', '¿Requerís Archivos de audio?', '2', '', NULL, NULL, NULL, NULL, '¿Requerís Archivos de audio?', NULL, 'N', 'S', 0);
INSERT INTO sge_pregunta (pregunta, nombre, componente_numero, tabla_asociada, tabla_asociada_codigo, tabla_asociada_descripcion, tabla_asociada_orden_campo, tabla_asociada_orden_tipo, descripcion_resumida, ayuda, oculta, visualizacion_horizontal, unidad_gestion) VALUES ('729', '¿Requerís Texto digital accesible?', '2', '', NULL, NULL, NULL, NULL, '¿Texto digital accesible?', NULL, 'N', 'S', 0);
INSERT INTO sge_pregunta (pregunta, nombre, componente_numero, tabla_asociada, tabla_asociada_codigo, tabla_asociada_descripcion, tabla_asociada_orden_campo, tabla_asociada_orden_tipo, descripcion_resumida, ayuda, oculta, visualizacion_horizontal, unidad_gestion) VALUES ('730', '¿Requerís Texto en Braille?', '2', '', NULL, NULL, NULL, NULL, '¿Requerís Texto en Braille?', NULL, 'N', 'S', 0);
INSERT INTO sge_pregunta (pregunta, nombre, componente_numero, tabla_asociada, tabla_asociada_codigo, tabla_asociada_descripcion, tabla_asociada_orden_campo, tabla_asociada_orden_tipo, descripcion_resumida, ayuda, oculta, visualizacion_horizontal, unidad_gestion) VALUES ('731', '¿Requerís otros apoyos?', '2', '', NULL, NULL, NULL, NULL, '¿Requerís otros apoyos?', NULL, 'N', 'S', 0);
INSERT INTO sge_pregunta (pregunta, nombre, componente_numero, tabla_asociada, tabla_asociada_codigo, tabla_asociada_descripcion, tabla_asociada_orden_campo, tabla_asociada_orden_tipo, descripcion_resumida, ayuda, oculta, visualizacion_horizontal, unidad_gestion) VALUES ('732', 'Especificar cuáles', '8', '', NULL, NULL, NULL, NULL, 'Especificar cuáles', 'Si requerís de otros apoyos, especificar cuáles', 'N', 'N', 0);
INSERT INTO sge_pregunta (pregunta, nombre, componente_numero, tabla_asociada, tabla_asociada_codigo, tabla_asociada_descripcion, tabla_asociada_orden_campo, tabla_asociada_orden_tipo, descripcion_resumida, ayuda, oculta, visualizacion_horizontal, unidad_gestion) VALUES ('733', '<p><span style="font-size:14px;"><span style="font-family:Arial,Helvetica,sans-serif;"><u><strong>Apoyos que requer&iacute;s</strong></u></span></span></p>', '22', '', NULL, NULL, NULL, NULL, 'Apoyos que requerís', NULL, 'N', 'N', 0);
INSERT INTO sge_pregunta (pregunta, nombre, componente_numero, tabla_asociada, tabla_asociada_codigo, tabla_asociada_descripcion, tabla_asociada_orden_campo, tabla_asociada_orden_tipo, descripcion_resumida, ayuda, oculta, visualizacion_horizontal, unidad_gestion) VALUES ('734', '____________________________________________________________', '7', '', NULL, NULL, NULL, NULL, '______________________________', NULL, 'N', 'N', 0);
INSERT INTO sge_pregunta (pregunta, nombre, componente_numero, tabla_asociada, tabla_asociada_codigo, tabla_asociada_descripcion, tabla_asociada_orden_campo, tabla_asociada_orden_tipo, descripcion_resumida, ayuda, oculta, visualizacion_horizontal, unidad_gestion) VALUES ('735', '____________________________________________________________', '7', '', NULL, NULL, NULL, NULL, '______________________________', NULL, 'N', 'N', 0);
INSERT INTO sge_pregunta (pregunta, nombre, componente_numero, tabla_asociada, tabla_asociada_codigo, tabla_asociada_descripcion, tabla_asociada_orden_campo, tabla_asociada_orden_tipo, descripcion_resumida, ayuda, oculta, visualizacion_horizontal, unidad_gestion) VALUES ('736', '____________________________________________________________', '7', '', NULL, NULL, NULL, NULL, '______________________________', NULL, 'N', 'N', 0);
INSERT INTO sge_pregunta (pregunta, nombre, componente_numero, tabla_asociada, tabla_asociada_codigo, tabla_asociada_descripcion, tabla_asociada_orden_campo, tabla_asociada_orden_tipo, descripcion_resumida, ayuda, oculta, visualizacion_horizontal, unidad_gestion) VALUES ('737', '____________________________________________________________', '7', '', NULL, NULL, NULL, NULL, '______________________________', NULL, 'N', 'N', 0);
INSERT INTO sge_pregunta (pregunta, nombre, componente_numero, tabla_asociada, tabla_asociada_codigo, tabla_asociada_descripcion, tabla_asociada_orden_campo, tabla_asociada_orden_tipo, descripcion_resumida, ayuda, oculta, visualizacion_horizontal, unidad_gestion) VALUES ('738', 'VISUAL', '7', '', NULL, NULL, NULL, NULL, 'Visual', NULL, 'N', 'N', 0);
INSERT INTO sge_pregunta (pregunta, nombre, componente_numero, tabla_asociada, tabla_asociada_codigo, tabla_asociada_descripcion, tabla_asociada_orden_campo, tabla_asociada_orden_tipo, descripcion_resumida, ayuda, oculta, visualizacion_horizontal, unidad_gestion) VALUES ('739', '¿Requerís apoyos para la permanencia en el aula?', '2', '', NULL, NULL, NULL, NULL, '¿Requerís apoyos para la perma', NULL, 'N', 'S', 0);
INSERT INTO sge_pregunta (pregunta, nombre, componente_numero, tabla_asociada, tabla_asociada_codigo, tabla_asociada_descripcion, tabla_asociada_orden_campo, tabla_asociada_orden_tipo, descripcion_resumida, ayuda, oculta, visualizacion_horizontal, unidad_gestion) VALUES ('740', '¿Requerís otros apoyos?', '2', '', NULL, NULL, NULL, NULL, '¿Requerís otros apoyos?', NULL, 'N', 'S', 0);
INSERT INTO sge_pregunta (pregunta, nombre, componente_numero, tabla_asociada, tabla_asociada_codigo, tabla_asociada_descripcion, tabla_asociada_orden_campo, tabla_asociada_orden_tipo, descripcion_resumida, ayuda, oculta, visualizacion_horizontal, unidad_gestion) VALUES ('741', 'Especificar cuáles', '8', '', NULL, NULL, NULL, NULL, 'Especificar cuáles', 'Si requerís de otros apoyos, especificar cuáles', 'N', 'N', 0);
INSERT INTO sge_pregunta (pregunta, nombre, componente_numero, tabla_asociada, tabla_asociada_codigo, tabla_asociada_descripcion, tabla_asociada_orden_campo, tabla_asociada_orden_tipo, descripcion_resumida, ayuda, oculta, visualizacion_horizontal, unidad_gestion) VALUES ('742', 'CONDICIÓN PSICOSOCIAL', '7', '', NULL, NULL, NULL, NULL, 'Condición Psicosocial', NULL, 'N', 'N', 0);
INSERT INTO sge_pregunta (pregunta, nombre, componente_numero, tabla_asociada, tabla_asociada_codigo, tabla_asociada_descripcion, tabla_asociada_orden_campo, tabla_asociada_orden_tipo, descripcion_resumida, ayuda, oculta, visualizacion_horizontal, unidad_gestion) VALUES ('743', '¿Cuál?', '8', '', NULL, NULL, NULL, NULL, '¿Cuál?', NULL, 'N', 'N', 0);
INSERT INTO sge_pregunta (pregunta, nombre, componente_numero, tabla_asociada, tabla_asociada_codigo, tabla_asociada_descripcion, tabla_asociada_orden_campo, tabla_asociada_orden_tipo, descripcion_resumida, ayuda, oculta, visualizacion_horizontal, unidad_gestion) VALUES ('744', '<p><span style="font-size:14px;"><span style="font-family:Arial,Helvetica,sans-serif;"><u><strong>Apoyos que requer&iacute;s</strong></u></span></span></p>', '22', '', NULL, NULL, NULL, NULL, 'Apoyos que requerís', NULL, 'N', 'N', 0);
INSERT INTO sge_pregunta (pregunta, nombre, componente_numero, tabla_asociada, tabla_asociada_codigo, tabla_asociada_descripcion, tabla_asociada_orden_campo, tabla_asociada_orden_tipo, descripcion_resumida, ayuda, oculta, visualizacion_horizontal, unidad_gestion) VALUES ('745', '¿Qué apoyos utilizás en tu vida diaria?', '8', '', NULL, NULL, NULL, NULL, 'Apoyos en tu vida diaria', NULL, 'N', 'N', 0);
INSERT INTO sge_pregunta (pregunta, nombre, componente_numero, tabla_asociada, tabla_asociada_codigo, tabla_asociada_descripcion, tabla_asociada_orden_campo, tabla_asociada_orden_tipo, descripcion_resumida, ayuda, oculta, visualizacion_horizontal, unidad_gestion) VALUES ('746', '¿Qué apoyos utilizás en tu vida diaria?', '8', '', NULL, NULL, NULL, NULL, 'Apoyos en tu vida diaria', NULL, 'N', 'N', 0);
INSERT INTO sge_pregunta (pregunta, nombre, componente_numero, tabla_asociada, tabla_asociada_codigo, tabla_asociada_descripcion, tabla_asociada_orden_campo, tabla_asociada_orden_tipo, descripcion_resumida, ayuda, oculta, visualizacion_horizontal, unidad_gestion) VALUES ('747', '¿Qué apoyos utilizás en tu vida diaria?', '8', '', NULL, NULL, NULL, NULL, 'Apoyos en tu vida diaria', NULL, 'N', 'N', 0);
INSERT INTO sge_pregunta (pregunta, nombre, componente_numero, tabla_asociada, tabla_asociada_codigo, tabla_asociada_descripcion, tabla_asociada_orden_campo, tabla_asociada_orden_tipo, descripcion_resumida, ayuda, oculta, visualizacion_horizontal, unidad_gestion) VALUES ('748', '¿Requerís otros apoyos?', '2', '', NULL, NULL, NULL, NULL, '¿Requerís otros apoyos?', NULL, 'N', 'S', 0);
INSERT INTO sge_pregunta (pregunta, nombre, componente_numero, tabla_asociada, tabla_asociada_codigo, tabla_asociada_descripcion, tabla_asociada_orden_campo, tabla_asociada_orden_tipo, descripcion_resumida, ayuda, oculta, visualizacion_horizontal, unidad_gestion) VALUES ('749', 'Especificar cuáles', '8', '', NULL, NULL, NULL, NULL, 'Especificar cuáles', 'Si requerís de otros apoyos, especificar cuáles', 'N', 'N', 0);
INSERT INTO sge_pregunta (pregunta, nombre, componente_numero, tabla_asociada, tabla_asociada_codigo, tabla_asociada_descripcion, tabla_asociada_orden_campo, tabla_asociada_orden_tipo, descripcion_resumida, ayuda, oculta, visualizacion_horizontal, unidad_gestion) VALUES ('750', 'OTRA SITUACIÓN DE DISCAPACIDAD', '7', '', NULL, NULL, NULL, NULL, 'Otra situación de discapacidad', NULL, 'N', 'N', 0);
INSERT INTO sge_pregunta (pregunta, nombre, componente_numero, tabla_asociada, tabla_asociada_codigo, tabla_asociada_descripcion, tabla_asociada_orden_campo, tabla_asociada_orden_tipo, descripcion_resumida, ayuda, oculta, visualizacion_horizontal, unidad_gestion) VALUES ('751', '¿Cuál/cuáles?', '8', '', NULL, NULL, NULL, NULL, '¿Cuál/cuáles?', NULL, 'N', 'N', 0);
INSERT INTO sge_pregunta (pregunta, nombre, componente_numero, tabla_asociada, tabla_asociada_codigo, tabla_asociada_descripcion, tabla_asociada_orden_campo, tabla_asociada_orden_tipo, descripcion_resumida, ayuda, oculta, visualizacion_horizontal, unidad_gestion) VALUES ('752', '¿Requiere otros apoyos?', '2', '', NULL, NULL, NULL, NULL, '¿Requiere otros apoyos?', NULL, 'N', 'S', 0);
INSERT INTO sge_pregunta (pregunta, nombre, componente_numero, tabla_asociada, tabla_asociada_codigo, tabla_asociada_descripcion, tabla_asociada_orden_campo, tabla_asociada_orden_tipo, descripcion_resumida, ayuda, oculta, visualizacion_horizontal, unidad_gestion) VALUES ('753', 'Especificar cuáles', '8', '', NULL, NULL, NULL, NULL, 'Especificar cuáles', 'Si requerís de otros apoyos, especificar cuáles', 'N', 'N', 0);
INSERT INTO sge_pregunta (pregunta, nombre, componente_numero, tabla_asociada, tabla_asociada_codigo, tabla_asociada_descripcion, tabla_asociada_orden_campo, tabla_asociada_orden_tipo, descripcion_resumida, ayuda, oculta, visualizacion_horizontal, unidad_gestion) VALUES ('754', '____________________________________________________________', '7', '', NULL, NULL, NULL, NULL, '______________________________', NULL, 'N', 'N', 0);
INSERT INTO sge_pregunta (pregunta, nombre, componente_numero, tabla_asociada, tabla_asociada_codigo, tabla_asociada_descripcion, tabla_asociada_orden_campo, tabla_asociada_orden_tipo, descripcion_resumida, ayuda, oculta, visualizacion_horizontal, unidad_gestion) VALUES ('755', 'AUDITIVA', '7', '', NULL, NULL, NULL, NULL, 'Auditiva', NULL, 'N', 'N', 0);
INSERT INTO sge_pregunta (pregunta, nombre, componente_numero, tabla_asociada, tabla_asociada_codigo, tabla_asociada_descripcion, tabla_asociada_orden_campo, tabla_asociada_orden_tipo, descripcion_resumida, ayuda, oculta, visualizacion_horizontal, unidad_gestion) VALUES ('756', '<p><span style="font-size:14px;"><span style="font-family:Arial,Helvetica,sans-serif;"><u><strong>Apoyos que requer&iacute;s</strong></u></span></span></p>', '22', '', NULL, NULL, NULL, NULL, 'Apoyos que requerís', NULL, 'N', 'N', 0);
INSERT INTO sge_pregunta (pregunta, nombre, componente_numero, tabla_asociada, tabla_asociada_codigo, tabla_asociada_descripcion, tabla_asociada_orden_campo, tabla_asociada_orden_tipo, descripcion_resumida, ayuda, oculta, visualizacion_horizontal, unidad_gestion) VALUES ('757', '____________________________________________________________', '7', '', NULL, NULL, NULL, NULL, '______________________________', NULL, 'N', 'N', 0);
INSERT INTO sge_pregunta (pregunta, nombre, componente_numero, tabla_asociada, tabla_asociada_codigo, tabla_asociada_descripcion, tabla_asociada_orden_campo, tabla_asociada_orden_tipo, descripcion_resumida, ayuda, oculta, visualizacion_horizontal, unidad_gestion) VALUES ('758', 'OTRA INFORMACIÓN', '7', '', NULL, NULL, NULL, NULL, 'OTRA INFORMACIÓN', NULL, 'N', 'N', 0);
INSERT INTO sge_pregunta (pregunta, nombre, componente_numero, tabla_asociada, tabla_asociada_codigo, tabla_asociada_descripcion, tabla_asociada_orden_campo, tabla_asociada_orden_tipo, descripcion_resumida, ayuda, oculta, visualizacion_horizontal, unidad_gestion) VALUES ('759', '¿Cuáles?', '8', '', NULL, NULL, NULL, NULL, '¿Cuáles?', 'Si requerís de apoyos para la permanencia en el aula, especificá cuáles', 'N', 'N', 0);

INSERT INTO sge_respuesta (valor_tabulado, respuesta, unidad_gestion) VALUES ('Condición Psicosocial', '3094', 0);
INSERT INTO sge_respuesta (valor_tabulado, respuesta, unidad_gestion) VALUES ('Sí, mucha dificultad', '3095', 0);
INSERT INTO sge_respuesta (valor_tabulado, respuesta, unidad_gestion) VALUES ('No puedo hacerlo en absoluto', '3096', 0);
INSERT INTO sge_respuesta (valor_tabulado, respuesta, unidad_gestion) VALUES ('Auditiva', '3097', 0);
INSERT INTO sge_respuesta (valor_tabulado, respuesta, unidad_gestion) VALUES ('No', '3098', 0);
INSERT INTO sge_respuesta (valor_tabulado, respuesta, unidad_gestion) VALUES ('Declaro condición de discapacidad', '3083', 0);
INSERT INTO sge_respuesta (valor_tabulado, respuesta, unidad_gestion) VALUES ('Lectura labial', '3084', 0);
INSERT INTO sge_respuesta (valor_tabulado, respuesta, unidad_gestion) VALUES ('Motora', '3085', 0);
INSERT INTO sge_respuesta (valor_tabulado, respuesta, unidad_gestion) VALUES ('Lengua de Señas', '3086', 0);
INSERT INTO sge_respuesta (valor_tabulado, respuesta, unidad_gestion) VALUES ('No presento ninguna condición que implique Discapacidad', '3087', 0);
INSERT INTO sge_respuesta (valor_tabulado, respuesta, unidad_gestion) VALUES ('Otra forma', '3088', 0);
INSERT INTO sge_respuesta (valor_tabulado, respuesta, unidad_gestion) VALUES ('Sí, alguna dificultad', '3089', 0);
INSERT INTO sge_respuesta (valor_tabulado, respuesta, unidad_gestion) VALUES ('Visual', '3090', 0);
INSERT INTO sge_respuesta (valor_tabulado, respuesta, unidad_gestion) VALUES ('Otra', '3091', 0);
INSERT INTO sge_respuesta (valor_tabulado, respuesta, unidad_gestion) VALUES ('Sí', '3092', 0);
INSERT INTO sge_respuesta (valor_tabulado, respuesta, unidad_gestion) VALUES ('No, no hay dificultad', '3093', 0);

INSERT INTO sge_pregunta_respuesta (pregunta, respuesta, orden) VALUES ('715', '3087', '1');
INSERT INTO sge_pregunta_respuesta (pregunta, respuesta, orden) VALUES ('715', '3083', '2');
INSERT INTO sge_pregunta_respuesta (pregunta, respuesta, orden) VALUES ('713', '3097', '1');
INSERT INTO sge_pregunta_respuesta (pregunta, respuesta, orden) VALUES ('713', '3090', '2');
INSERT INTO sge_pregunta_respuesta (pregunta, respuesta, orden) VALUES ('713', '3085', '3');
INSERT INTO sge_pregunta_respuesta (pregunta, respuesta, orden) VALUES ('713', '3094', '4');
INSERT INTO sge_pregunta_respuesta (pregunta, respuesta, orden) VALUES ('713', '3091', '5');
INSERT INTO sge_pregunta_respuesta (pregunta, respuesta, orden) VALUES ('714', '3093', '1');
INSERT INTO sge_pregunta_respuesta (pregunta, respuesta, orden) VALUES ('714', '3096', '4');
INSERT INTO sge_pregunta_respuesta (pregunta, respuesta, orden) VALUES ('714', '3095', '3');
INSERT INTO sge_pregunta_respuesta (pregunta, respuesta, orden) VALUES ('714', '3089', '2');
INSERT INTO sge_pregunta_respuesta (pregunta, respuesta, orden) VALUES ('716', '3086', '1');
INSERT INTO sge_pregunta_respuesta (pregunta, respuesta, orden) VALUES ('716', '3084', '2');
INSERT INTO sge_pregunta_respuesta (pregunta, respuesta, orden) VALUES ('724', '3092', '1');
INSERT INTO sge_pregunta_respuesta (pregunta, respuesta, orden) VALUES ('724', '3098', '2');
INSERT INTO sge_pregunta_respuesta (pregunta, respuesta, orden) VALUES ('721', '3092', '1');
INSERT INTO sge_pregunta_respuesta (pregunta, respuesta, orden) VALUES ('721', '3098', '2');
INSERT INTO sge_pregunta_respuesta (pregunta, respuesta, orden) VALUES ('722', '3092', '1');
INSERT INTO sge_pregunta_respuesta (pregunta, respuesta, orden) VALUES ('722', '3098', '2');
INSERT INTO sge_pregunta_respuesta (pregunta, respuesta, orden) VALUES ('723', '3092', '1');
INSERT INTO sge_pregunta_respuesta (pregunta, respuesta, orden) VALUES ('723', '3098', '2');
INSERT INTO sge_pregunta_respuesta (pregunta, respuesta, orden) VALUES ('716', '3088', '3');
INSERT INTO sge_pregunta_respuesta (pregunta, respuesta, orden) VALUES ('725', '3093', '1');
INSERT INTO sge_pregunta_respuesta (pregunta, respuesta, orden) VALUES ('725', '3089', '2');
INSERT INTO sge_pregunta_respuesta (pregunta, respuesta, orden) VALUES ('725', '3095', '3');
INSERT INTO sge_pregunta_respuesta (pregunta, respuesta, orden) VALUES ('725', '3096', '4');
INSERT INTO sge_pregunta_respuesta (pregunta, respuesta, orden) VALUES ('728', '3092', '1');
INSERT INTO sge_pregunta_respuesta (pregunta, respuesta, orden) VALUES ('728', '3098', '2');
INSERT INTO sge_pregunta_respuesta (pregunta, respuesta, orden) VALUES ('729', '3092', '1');
INSERT INTO sge_pregunta_respuesta (pregunta, respuesta, orden) VALUES ('729', '3098', '2');
INSERT INTO sge_pregunta_respuesta (pregunta, respuesta, orden) VALUES ('730', '3092', '1');
INSERT INTO sge_pregunta_respuesta (pregunta, respuesta, orden) VALUES ('730', '3098', '2');
INSERT INTO sge_pregunta_respuesta (pregunta, respuesta, orden) VALUES ('731', '3092', '1');
INSERT INTO sge_pregunta_respuesta (pregunta, respuesta, orden) VALUES ('731', '3098', '2');
INSERT INTO sge_pregunta_respuesta (pregunta, respuesta, orden) VALUES ('739', '3092', '1');
INSERT INTO sge_pregunta_respuesta (pregunta, respuesta, orden) VALUES ('739', '3098', '2');
INSERT INTO sge_pregunta_respuesta (pregunta, respuesta, orden) VALUES ('740', '3092', '1');
INSERT INTO sge_pregunta_respuesta (pregunta, respuesta, orden) VALUES ('740', '3098', '2');
INSERT INTO sge_pregunta_respuesta (pregunta, respuesta, orden) VALUES ('748', '3092', '1');
INSERT INTO sge_pregunta_respuesta (pregunta, respuesta, orden) VALUES ('748', '3098', '2');
INSERT INTO sge_pregunta_respuesta (pregunta, respuesta, orden) VALUES ('752', '3092', '1');
INSERT INTO sge_pregunta_respuesta (pregunta, respuesta, orden) VALUES ('752', '3098', '2');

INSERT INTO sge_bloque (nombre, descripcion, orden, bloque) VALUES ('CONDICIÓN DE DISCAPACIDAD', NULL, '13', '426');
INSERT INTO sge_bloque (nombre, descripcion, orden, bloque) VALUES ('DISCAPACIDAD', NULL, '14', '427');

INSERT INTO sge_encuesta_definicion (encuesta_definicion, encuesta, bloque, pregunta, orden, obligatoria) VALUES ('900', '12', '427', '759', '28', 'N');
INSERT INTO sge_encuesta_definicion (encuesta_definicion, encuesta, bloque, pregunta, orden, obligatoria) VALUES ('901', '12', '427', '758', '44', 'N');
INSERT INTO sge_encuesta_definicion (encuesta_definicion, encuesta, bloque, pregunta, orden, obligatoria) VALUES ('902', '12', '427', '757', '43', 'N');
INSERT INTO sge_encuesta_definicion (encuesta_definicion, encuesta, bloque, pregunta, orden, obligatoria) VALUES ('903', '12', '427', '718', '45', 'N');
INSERT INTO sge_encuesta_definicion (encuesta_definicion, encuesta, bloque, pregunta, orden, obligatoria) VALUES ('904', '12', '427', '753', '42', 'N');
INSERT INTO sge_encuesta_definicion (encuesta_definicion, encuesta, bloque, pregunta, orden, obligatoria) VALUES ('905', '12', '427', '752', '41', 'N');
INSERT INTO sge_encuesta_definicion (encuesta_definicion, encuesta, bloque, pregunta, orden, obligatoria) VALUES ('906', '12', '427', '751', '40', 'N');
INSERT INTO sge_encuesta_definicion (encuesta_definicion, encuesta, bloque, pregunta, orden, obligatoria) VALUES ('907', '12', '427', '750', '39', 'N');
INSERT INTO sge_encuesta_definicion (encuesta_definicion, encuesta, bloque, pregunta, orden, obligatoria) VALUES ('908', '12', '427', '754', '38', 'N');
INSERT INTO sge_encuesta_definicion (encuesta_definicion, encuesta, bloque, pregunta, orden, obligatoria) VALUES ('909', '12', '427', '749', '37', 'N');
INSERT INTO sge_encuesta_definicion (encuesta_definicion, encuesta, bloque, pregunta, orden, obligatoria) VALUES ('910', '12', '427', '748', '36', 'N');
INSERT INTO sge_encuesta_definicion (encuesta_definicion, encuesta, bloque, pregunta, orden, obligatoria) VALUES ('911', '12', '427', '745', '35', 'N');
INSERT INTO sge_encuesta_definicion (encuesta_definicion, encuesta, bloque, pregunta, orden, obligatoria) VALUES ('912', '12', '427', '744', '34', 'N');
INSERT INTO sge_encuesta_definicion (encuesta_definicion, encuesta, bloque, pregunta, orden, obligatoria) VALUES ('913', '12', '427', '743', '33', 'N');
INSERT INTO sge_encuesta_definicion (encuesta_definicion, encuesta, bloque, pregunta, orden, obligatoria) VALUES ('914', '12', '427', '742', '32', 'N');
INSERT INTO sge_encuesta_definicion (encuesta_definicion, encuesta, bloque, pregunta, orden, obligatoria) VALUES ('915', '12', '427', '737', '31', 'N');
INSERT INTO sge_encuesta_definicion (encuesta_definicion, encuesta, bloque, pregunta, orden, obligatoria) VALUES ('916', '12', '427', '741', '30', 'N');
INSERT INTO sge_encuesta_definicion (encuesta_definicion, encuesta, bloque, pregunta, orden, obligatoria) VALUES ('917', '12', '427', '740', '29', 'N');
INSERT INTO sge_encuesta_definicion (encuesta_definicion, encuesta, bloque, pregunta, orden, obligatoria) VALUES ('918', '12', '427', '739', '27', 'N');
INSERT INTO sge_encuesta_definicion (encuesta_definicion, encuesta, bloque, pregunta, orden, obligatoria) VALUES ('919', '12', '427', '746', '26', 'N');
INSERT INTO sge_encuesta_definicion (encuesta_definicion, encuesta, bloque, pregunta, orden, obligatoria) VALUES ('920', '12', '427', '733', '25', 'N');
INSERT INTO sge_encuesta_definicion (encuesta_definicion, encuesta, bloque, pregunta, orden, obligatoria) VALUES ('921', '12', '427', '719', '24', 'N');
INSERT INTO sge_encuesta_definicion (encuesta_definicion, encuesta, bloque, pregunta, orden, obligatoria) VALUES ('922', '12', '427', '736', '23', 'N');
INSERT INTO sge_encuesta_definicion (encuesta_definicion, encuesta, bloque, pregunta, orden, obligatoria) VALUES ('923', '12', '427', '735', '13', 'N');
INSERT INTO sge_encuesta_definicion (encuesta_definicion, encuesta, bloque, pregunta, orden, obligatoria) VALUES ('924', '12', '427', '732', '22', 'N');
INSERT INTO sge_encuesta_definicion (encuesta_definicion, encuesta, bloque, pregunta, orden, obligatoria) VALUES ('925', '12', '427', '731', '21', 'N');
INSERT INTO sge_encuesta_definicion (encuesta_definicion, encuesta, bloque, pregunta, orden, obligatoria) VALUES ('926', '12', '427', '730', '20', 'N');
INSERT INTO sge_encuesta_definicion (encuesta_definicion, encuesta, bloque, pregunta, orden, obligatoria) VALUES ('927', '12', '427', '729', '19', 'N');
INSERT INTO sge_encuesta_definicion (encuesta_definicion, encuesta, bloque, pregunta, orden, obligatoria) VALUES ('928', '12', '427', '728', '18', 'N');
INSERT INTO sge_encuesta_definicion (encuesta_definicion, encuesta, bloque, pregunta, orden, obligatoria) VALUES ('929', '12', '427', '727', '17', 'N');
INSERT INTO sge_encuesta_definicion (encuesta_definicion, encuesta, bloque, pregunta, orden, obligatoria) VALUES ('930', '12', '427', '726', '16', 'N');
INSERT INTO sge_encuesta_definicion (encuesta_definicion, encuesta, bloque, pregunta, orden, obligatoria) VALUES ('931', '12', '427', '725', '15', 'N');
INSERT INTO sge_encuesta_definicion (encuesta_definicion, encuesta, bloque, pregunta, orden, obligatoria) VALUES ('932', '12', '427', '738', '14', 'N');
INSERT INTO sge_encuesta_definicion (encuesta_definicion, encuesta, bloque, pregunta, orden, obligatoria) VALUES ('933', '12', '427', '734', '2', 'N');
INSERT INTO sge_encuesta_definicion (encuesta_definicion, encuesta, bloque, pregunta, orden, obligatoria) VALUES ('934', '12', '427', '720', '12', 'N');
INSERT INTO sge_encuesta_definicion (encuesta_definicion, encuesta, bloque, pregunta, orden, obligatoria) VALUES ('935', '12', '427', '723', '11', 'N');
INSERT INTO sge_encuesta_definicion (encuesta_definicion, encuesta, bloque, pregunta, orden, obligatoria) VALUES ('936', '12', '427', '722', '10', 'N');
INSERT INTO sge_encuesta_definicion (encuesta_definicion, encuesta, bloque, pregunta, orden, obligatoria) VALUES ('937', '12', '427', '721', '9', 'N');
INSERT INTO sge_encuesta_definicion (encuesta_definicion, encuesta, bloque, pregunta, orden, obligatoria) VALUES ('938', '12', '427', '747', '8', 'N');
INSERT INTO sge_encuesta_definicion (encuesta_definicion, encuesta, bloque, pregunta, orden, obligatoria) VALUES ('939', '12', '427', '756', '7', 'N');
INSERT INTO sge_encuesta_definicion (encuesta_definicion, encuesta, bloque, pregunta, orden, obligatoria) VALUES ('940', '12', '427', '713', '1', 'N');
INSERT INTO sge_encuesta_definicion (encuesta_definicion, encuesta, bloque, pregunta, orden, obligatoria) VALUES ('941', '12', '427', '755', '3', 'N');
INSERT INTO sge_encuesta_definicion (encuesta_definicion, encuesta, bloque, pregunta, orden, obligatoria) VALUES ('942', '12', '427', '714', '4', 'N');
INSERT INTO sge_encuesta_definicion (encuesta_definicion, encuesta, bloque, pregunta, orden, obligatoria) VALUES ('943', '12', '427', '716', '5', 'N');
INSERT INTO sge_encuesta_definicion (encuesta_definicion, encuesta, bloque, pregunta, orden, obligatoria) VALUES ('944', '12', '427', '717', '6', 'N');
INSERT INTO sge_encuesta_definicion (encuesta_definicion, encuesta, bloque, pregunta, orden, obligatoria) VALUES ('945', '12', '426', '724', '2', 'N');
INSERT INTO sge_encuesta_definicion (encuesta_definicion, encuesta, bloque, pregunta, orden, obligatoria) VALUES ('946', '12', '426', '715', '1', 'N');

INSERT INTO sge_pregunta_dependencia (pregunta_dependencia, encuesta_definicion) VALUES ('41', '905');
INSERT INTO sge_pregunta_dependencia (pregunta_dependencia, encuesta_definicion) VALUES ('42', '910');
INSERT INTO sge_pregunta_dependencia (pregunta_dependencia, encuesta_definicion) VALUES ('43', '917');
INSERT INTO sge_pregunta_dependencia (pregunta_dependencia, encuesta_definicion) VALUES ('44', '918');
INSERT INTO sge_pregunta_dependencia (pregunta_dependencia, encuesta_definicion) VALUES ('45', '925');
INSERT INTO sge_pregunta_dependencia (pregunta_dependencia, encuesta_definicion) VALUES ('46', '935');
INSERT INTO sge_pregunta_dependencia (pregunta_dependencia, encuesta_definicion) VALUES ('47', '940');
INSERT INTO sge_pregunta_dependencia (pregunta_dependencia, encuesta_definicion) VALUES ('48', '940');
INSERT INTO sge_pregunta_dependencia (pregunta_dependencia, encuesta_definicion) VALUES ('49', '940');
INSERT INTO sge_pregunta_dependencia (pregunta_dependencia, encuesta_definicion) VALUES ('50', '940');
INSERT INTO sge_pregunta_dependencia (pregunta_dependencia, encuesta_definicion) VALUES ('51', '940');
INSERT INTO sge_pregunta_dependencia (pregunta_dependencia, encuesta_definicion) VALUES ('52', '943');
INSERT INTO sge_pregunta_dependencia (pregunta_dependencia, encuesta_definicion) VALUES ('53', '946');

INSERT INTO sge_pregunta_dependencia_definicion (dependencia_definicion, pregunta_dependencia, bloque, pregunta, condicion, valor, accion, encuesta_definicion) VALUES ('96', '41', '427', '753', 'es_igual_a', '3092', 'mostrar', '904');
INSERT INTO sge_pregunta_dependencia_definicion (dependencia_definicion, pregunta_dependencia, bloque, pregunta, condicion, valor, accion, encuesta_definicion) VALUES ('97', '42', '427', '749', 'es_igual_a', '3092', 'mostrar', '909');
INSERT INTO sge_pregunta_dependencia_definicion (dependencia_definicion, pregunta_dependencia, bloque, pregunta, condicion, valor, accion, encuesta_definicion) VALUES ('98', '43', '427', '741', 'es_igual_a', '3092', 'mostrar', '916');
INSERT INTO sge_pregunta_dependencia_definicion (dependencia_definicion, pregunta_dependencia, bloque, pregunta, condicion, valor, accion, encuesta_definicion) VALUES ('99', '44', '427', '759', 'es_igual_a', '3092', 'mostrar', '900');
INSERT INTO sge_pregunta_dependencia_definicion (dependencia_definicion, pregunta_dependencia, bloque, pregunta, condicion, valor, accion, encuesta_definicion) VALUES ('100', '45', '427', '732', 'es_igual_a', '3092', 'mostrar', '924');
INSERT INTO sge_pregunta_dependencia_definicion (dependencia_definicion, pregunta_dependencia, bloque, pregunta, condicion, valor, accion, encuesta_definicion) VALUES ('101', '46', '427', '720', 'es_igual_a', '3092', 'mostrar', '934');
INSERT INTO sge_pregunta_dependencia_definicion (dependencia_definicion, pregunta_dependencia, bloque, pregunta, condicion, valor, accion, encuesta_definicion) VALUES ('102', '47', '427', '720', 'es_igual_a', '3097', 'mostrar', '934');
INSERT INTO sge_pregunta_dependencia_definicion (dependencia_definicion, pregunta_dependencia, bloque, pregunta, condicion, valor, accion, encuesta_definicion) VALUES ('103', '47', '427', '723', 'es_igual_a', '3097', 'mostrar', '935');
INSERT INTO sge_pregunta_dependencia_definicion (dependencia_definicion, pregunta_dependencia, bloque, pregunta, condicion, valor, accion, encuesta_definicion) VALUES ('104', '47', '427', '722', 'es_igual_a', '3097', 'mostrar', '936');
INSERT INTO sge_pregunta_dependencia_definicion (dependencia_definicion, pregunta_dependencia, bloque, pregunta, condicion, valor, accion, encuesta_definicion) VALUES ('105', '47', '427', '721', 'es_igual_a', '3097', 'mostrar', '937');
INSERT INTO sge_pregunta_dependencia_definicion (dependencia_definicion, pregunta_dependencia, bloque, pregunta, condicion, valor, accion, encuesta_definicion) VALUES ('106', '47', '427', '747', 'es_igual_a', '3097', 'mostrar', '938');
INSERT INTO sge_pregunta_dependencia_definicion (dependencia_definicion, pregunta_dependencia, bloque, pregunta, condicion, valor, accion, encuesta_definicion) VALUES ('107', '47', '427', '756', 'es_igual_a', '3097', 'mostrar', '939');
INSERT INTO sge_pregunta_dependencia_definicion (dependencia_definicion, pregunta_dependencia, bloque, pregunta, condicion, valor, accion, encuesta_definicion) VALUES ('108', '47', '427', '717', 'es_igual_a', '3097', 'mostrar', '944');
INSERT INTO sge_pregunta_dependencia_definicion (dependencia_definicion, pregunta_dependencia, bloque, pregunta, condicion, valor, accion, encuesta_definicion) VALUES ('109', '47', '427', '716', 'es_igual_a', '3097', 'mostrar', '943');
INSERT INTO sge_pregunta_dependencia_definicion (dependencia_definicion, pregunta_dependencia, bloque, pregunta, condicion, valor, accion, encuesta_definicion) VALUES ('110', '47', '427', '714', 'es_igual_a', '3097', 'mostrar', '942');
INSERT INTO sge_pregunta_dependencia_definicion (dependencia_definicion, pregunta_dependencia, bloque, pregunta, condicion, valor, accion, encuesta_definicion) VALUES ('111', '47', '427', '755', 'es_igual_a', '3097', 'mostrar', '941');
INSERT INTO sge_pregunta_dependencia_definicion (dependencia_definicion, pregunta_dependencia, bloque, pregunta, condicion, valor, accion, encuesta_definicion) VALUES ('112', '47', '427', '734', 'es_igual_a', '3097', 'mostrar', '933');
INSERT INTO sge_pregunta_dependencia_definicion (dependencia_definicion, pregunta_dependencia, bloque, pregunta, condicion, valor, accion, encuesta_definicion) VALUES ('113', '48', '427', '753', 'es_igual_a', '3091', 'mostrar', '904');
INSERT INTO sge_pregunta_dependencia_definicion (dependencia_definicion, pregunta_dependencia, bloque, pregunta, condicion, valor, accion, encuesta_definicion) VALUES ('114', '48', '427', '752', 'es_igual_a', '3091', 'mostrar', '905');
INSERT INTO sge_pregunta_dependencia_definicion (dependencia_definicion, pregunta_dependencia, bloque, pregunta, condicion, valor, accion, encuesta_definicion) VALUES ('115', '48', '427', '751', 'es_igual_a', '3091', 'mostrar', '906');
INSERT INTO sge_pregunta_dependencia_definicion (dependencia_definicion, pregunta_dependencia, bloque, pregunta, condicion, valor, accion, encuesta_definicion) VALUES ('116', '48', '427', '750', 'es_igual_a', '3091', 'mostrar', '907');
INSERT INTO sge_pregunta_dependencia_definicion (dependencia_definicion, pregunta_dependencia, bloque, pregunta, condicion, valor, accion, encuesta_definicion) VALUES ('117', '48', '427', '754', 'es_igual_a', '3091', 'mostrar', '908');
INSERT INTO sge_pregunta_dependencia_definicion (dependencia_definicion, pregunta_dependencia, bloque, pregunta, condicion, valor, accion, encuesta_definicion) VALUES ('118', '49', '427', '744', 'es_igual_a', '3094', 'mostrar', '912');
INSERT INTO sge_pregunta_dependencia_definicion (dependencia_definicion, pregunta_dependencia, bloque, pregunta, condicion, valor, accion, encuesta_definicion) VALUES ('119', '49', '427', '749', 'es_igual_a', '3094', 'mostrar', '909');
INSERT INTO sge_pregunta_dependencia_definicion (dependencia_definicion, pregunta_dependencia, bloque, pregunta, condicion, valor, accion, encuesta_definicion) VALUES ('120', '49', '427', '748', 'es_igual_a', '3094', 'mostrar', '910');
INSERT INTO sge_pregunta_dependencia_definicion (dependencia_definicion, pregunta_dependencia, bloque, pregunta, condicion, valor, accion, encuesta_definicion) VALUES ('121', '49', '427', '745', 'es_igual_a', '3094', 'mostrar', '911');
INSERT INTO sge_pregunta_dependencia_definicion (dependencia_definicion, pregunta_dependencia, bloque, pregunta, condicion, valor, accion, encuesta_definicion) VALUES ('122', '49', '427', '743', 'es_igual_a', '3094', 'mostrar', '913');
INSERT INTO sge_pregunta_dependencia_definicion (dependencia_definicion, pregunta_dependencia, bloque, pregunta, condicion, valor, accion, encuesta_definicion) VALUES ('123', '49', '427', '742', 'es_igual_a', '3094', 'mostrar', '914');
INSERT INTO sge_pregunta_dependencia_definicion (dependencia_definicion, pregunta_dependencia, bloque, pregunta, condicion, valor, accion, encuesta_definicion) VALUES ('124', '49', '427', '737', 'es_igual_a', '3094', 'mostrar', '915');
INSERT INTO sge_pregunta_dependencia_definicion (dependencia_definicion, pregunta_dependencia, bloque, pregunta, condicion, valor, accion, encuesta_definicion) VALUES ('125', '50', '427', '759', 'es_igual_a', '3085', 'mostrar', '900');
INSERT INTO sge_pregunta_dependencia_definicion (dependencia_definicion, pregunta_dependencia, bloque, pregunta, condicion, valor, accion, encuesta_definicion) VALUES ('126', '50', '427', '733', 'es_igual_a', '3085', 'mostrar', '920');
INSERT INTO sge_pregunta_dependencia_definicion (dependencia_definicion, pregunta_dependencia, bloque, pregunta, condicion, valor, accion, encuesta_definicion) VALUES ('127', '50', '427', '741', 'es_igual_a', '3085', 'mostrar', '916');
INSERT INTO sge_pregunta_dependencia_definicion (dependencia_definicion, pregunta_dependencia, bloque, pregunta, condicion, valor, accion, encuesta_definicion) VALUES ('128', '50', '427', '740', 'es_igual_a', '3085', 'mostrar', '917');
INSERT INTO sge_pregunta_dependencia_definicion (dependencia_definicion, pregunta_dependencia, bloque, pregunta, condicion, valor, accion, encuesta_definicion) VALUES ('129', '50', '427', '739', 'es_igual_a', '3085', 'mostrar', '918');
INSERT INTO sge_pregunta_dependencia_definicion (dependencia_definicion, pregunta_dependencia, bloque, pregunta, condicion, valor, accion, encuesta_definicion) VALUES ('130', '50', '427', '746', 'es_igual_a', '3085', 'mostrar', '919');
INSERT INTO sge_pregunta_dependencia_definicion (dependencia_definicion, pregunta_dependencia, bloque, pregunta, condicion, valor, accion, encuesta_definicion) VALUES ('131', '50', '427', '719', 'es_igual_a', '3085', 'mostrar', '921');
INSERT INTO sge_pregunta_dependencia_definicion (dependencia_definicion, pregunta_dependencia, bloque, pregunta, condicion, valor, accion, encuesta_definicion) VALUES ('132', '50', '427', '736', 'es_igual_a', '3085', 'mostrar', '922');
INSERT INTO sge_pregunta_dependencia_definicion (dependencia_definicion, pregunta_dependencia, bloque, pregunta, condicion, valor, accion, encuesta_definicion) VALUES ('133', '51', '427', '726', 'es_igual_a', '3090', 'mostrar', '930');
INSERT INTO sge_pregunta_dependencia_definicion (dependencia_definicion, pregunta_dependencia, bloque, pregunta, condicion, valor, accion, encuesta_definicion) VALUES ('134', '51', '427', '732', 'es_igual_a', '3090', 'mostrar', '924');
INSERT INTO sge_pregunta_dependencia_definicion (dependencia_definicion, pregunta_dependencia, bloque, pregunta, condicion, valor, accion, encuesta_definicion) VALUES ('135', '51', '427', '731', 'es_igual_a', '3090', 'mostrar', '925');
INSERT INTO sge_pregunta_dependencia_definicion (dependencia_definicion, pregunta_dependencia, bloque, pregunta, condicion, valor, accion, encuesta_definicion) VALUES ('136', '51', '427', '730', 'es_igual_a', '3090', 'mostrar', '926');
INSERT INTO sge_pregunta_dependencia_definicion (dependencia_definicion, pregunta_dependencia, bloque, pregunta, condicion, valor, accion, encuesta_definicion) VALUES ('137', '51', '427', '729', 'es_igual_a', '3090', 'mostrar', '927');
INSERT INTO sge_pregunta_dependencia_definicion (dependencia_definicion, pregunta_dependencia, bloque, pregunta, condicion, valor, accion, encuesta_definicion) VALUES ('138', '51', '427', '728', 'es_igual_a', '3090', 'mostrar', '928');
INSERT INTO sge_pregunta_dependencia_definicion (dependencia_definicion, pregunta_dependencia, bloque, pregunta, condicion, valor, accion, encuesta_definicion) VALUES ('139', '51', '427', '727', 'es_igual_a', '3090', 'mostrar', '929');
INSERT INTO sge_pregunta_dependencia_definicion (dependencia_definicion, pregunta_dependencia, bloque, pregunta, condicion, valor, accion, encuesta_definicion) VALUES ('140', '51', '427', '725', 'es_igual_a', '3090', 'mostrar', '931');
INSERT INTO sge_pregunta_dependencia_definicion (dependencia_definicion, pregunta_dependencia, bloque, pregunta, condicion, valor, accion, encuesta_definicion) VALUES ('141', '51', '427', '738', 'es_igual_a', '3090', 'mostrar', '932');
INSERT INTO sge_pregunta_dependencia_definicion (dependencia_definicion, pregunta_dependencia, bloque, pregunta, condicion, valor, accion, encuesta_definicion) VALUES ('142', '51', '427', '735', 'es_igual_a', '3090', 'mostrar', '923');
INSERT INTO sge_pregunta_dependencia_definicion (dependencia_definicion, pregunta_dependencia, bloque, pregunta, condicion, valor, accion, encuesta_definicion) VALUES ('143', '52', '427', '717', 'es_igual_a', '3088', 'mostrar', '944');
INSERT INTO sge_pregunta_dependencia_definicion (dependencia_definicion, pregunta_dependencia, bloque, pregunta, condicion, valor, accion, encuesta_definicion) VALUES ('144', '53', '426', '724', 'es_igual_a', '3083', 'mostrar', '945');
INSERT INTO sge_pregunta_dependencia_definicion (dependencia_definicion, pregunta_dependencia, bloque, pregunta, condicion, valor, accion, encuesta_definicion) VALUES ('145', '53', '427', NULL, 'es_igual_a', '3083', 'habilitar', NULL);

--
-- Fin Bloque Discapacidad
--